accession,llm_label
0001093557-25-000264,OTHER
0001093557-25-000050,OTHER
0001093557-25-000047,REGULATORY
0001093557-23-000157,PRESENTATION
0001193125-22-173521,OTHER
0001110803-25-000032,OTHER
0001110803-25-000025,OTHER
0001110803-24-000013,REGULATORY
0000950157-24-000591,OTHER
0001193125-22-284674,OTHER
0001193125-22-258375,OTHER
0001110803-20-000005,OTHER
0000914475-25-000081,OTHER
0000914475-25-000006,OTHER
0000914475-24-000199,CLINICAL
0000914475-22-000050,OTHER
0000914475-20-000029,PRESENTATION
0001193125-19-121779,OTHER
0001159036-25-000039,OTHER
0001193125-25-225853,OTHER
0001159036-23-000020,OTHER
0001159036-23-000004,OTHER
0001193125-22-158531,OTHER
0001193125-22-104452,OTHER
0001159036-22-000002,OTHER
0001159036-21-000006,PRESENTATION
0001159036-20-000004,PRESENTATION
0001159036-19-000046,PRESENTATION
0001159036-19-000002,PRESENTATION
0001140361-25-041225,CLINICAL
0001140361-25-035634,CLINICAL
0001140361-25-033541,CLINICAL
0001140361-25-032176,REGULATORY
0001658247-25-000008,REGULATORY
0000950170-25-091613,PRESENTATION
0000950170-25-090405,PRESENTATION
0000950170-25-025248,OTHER
0000950170-25-005435,PRESENTATION
0000950170-25-003801,CLINICAL
0000950170-24-136680,OTHER
0001193125-24-153075,CLINICAL
0001193125-24-144484,CLINICAL
0000950170-24-055872,PRESENTATION
0001193125-24-070706,CLINICAL
0001193125-24-065913,CLINICAL
0001193125-24-003929,PRESENTATION
0000950170-23-071084,CLINICAL
0001193125-23-231899,CLINICAL
0000950170-23-000460,PRESENTATION
0000950170-22-010602,PRESENTATION
0000950170-22-005041,CLINICAL
0001564590-21-048031,CLINICAL
0001564590-21-043067,CLINICAL
0001564590-20-047499,CLINICAL
0001193125-20-099551,CLINICAL
0001193125-25-164789,OTHER
0001193125-25-075102,OTHER
0001326110-24-000040,REGULATORY
0001193125-22-302356,OTHER
0001193125-22-285314,PRESENTATION
0001193125-22-042967,OTHER
0001193125-22-007333,OTHER
0001193125-21-361818,OTHER
0001193125-21-182190,PRESENTATION
0001193125-21-084244,PRESENTATION
0001193125-21-075243,OTHER
0001193125-21-007807,PRESENTATION
0000950170-25-004613,PRESENTATION
0001193125-24-080630,OTHER
0000950170-24-003199,PRESENTATION
0001193125-23-004264,PRESENTATION
0001193125-25-324830,OTHER
0000886163-25-000042,OTHER
0000886163-25-000020,OTHER
0000886163-25-000003,OTHER
0000886163-24-000053,OTHER
0000886163-22-000097,OTHER
0001104659-22-072614,PRESENTATION
0000886163-21-000102,OTHER
0000886163-20-000110,PRESENTATION
0000886163-20-000108,OTHER
0001193125-20-260585,OTHER
0000886163-19-000186,OTHER
0000886163-19-000049,PRESENTATION
0000886163-19-000043,PRESENTATION
0001193125-21-105632,REGULATORY
0001607678-25-000003,CLINICAL
0000950170-24-120267,CLINICAL
0000950170-24-068297,CLINICAL
0000950170-24-036151,CLINICAL
0000950170-24-020616,CLINICAL
0000950170-23-010112,OTHER
0000950170-23-010108,CLINICAL
0001564590-20-011413,OTHER
0001193125-25-146905,OTHER
0001193125-25-137478,OTHER
0001823239-25-000059,OTHER
0001823239-25-000028,OTHER
0001823239-24-000124,OTHER
0001823239-24-000091,OTHER
0001823239-23-000077,OTHER
0001823239-23-000072,OTHER
0001823239-23-000017,OTHER
0001193125-22-296553,OTHER
0001823239-22-000052,OTHER
0001823239-22-000048,OTHER
0001823239-22-000006,OTHER
0001370053-25-000103,OTHER
0001370053-25-000091,CLINICAL
0001370053-25-000083,PRESENTATION
0001370053-25-000081,OTHER
0001370053-25-000052,CLINICAL
0001370053-25-000014,PRESENTATION
0001370053-25-000010,CLINICAL
0001370053-25-000002,OTHER
0001370053-24-000003,PRESENTATION
0001370053-23-000069,OTHER
0001370053-23-000058,PRESENTATION
0001370053-23-000054,CLINICAL
0001370053-23-000005,OTHER
0001370053-22-000064,OTHER
0001370053-22-000052,OTHER
0001370053-22-000049,CLINICAL
0001370053-22-000019,CLINICAL
0001370053-22-000014,CLINICAL
0001370053-21-000072,CLINICAL
0001370053-21-000060,CLINICAL
0001370053-21-000046,PRESENTATION
0001370053-21-000022,CLINICAL
0001370053-21-000003,PRESENTATION
0001370053-20-000053,CLINICAL
0001370053-20-000050,CLINICAL
0001370053-20-000003,PRESENTATION
0001370053-19-000041,CLINICAL
0001370053-19-000035,CLINICAL
0001193125-24-243475,CLINICAL
0001193125-24-023367,OTHER
0001193125-21-318435,OTHER
0002007919-25-000097,CLINICAL
0002007919-25-000089,CLINICAL
0002007919-25-000007,CLINICAL
0002007919-25-000003,OTHER
0002007919-24-000031,OTHER
0002007919-24-000016,PRESENTATION
0001104659-24-065140,OTHER
0000950170-24-088609,OTHER
0000950170-24-033642,PRESENTATION
0001193125-23-264201,OTHER
0001193125-23-261657,OTHER
0000950170-23-053803,OTHER
0000950170-23-007469,OTHER
0001564590-22-021227,PRESENTATION
0001564590-21-037967,OTHER
0001564590-21-033642,OTHER
0001564590-21-000928,OTHER
0001193125-20-319487,OTHER
0001564590-20-018698,OTHER
0001564590-20-015828,OTHER
0001193125-20-054035,OTHER
0000950170-24-132302,CLINICAL
0000950170-24-020183,CLINICAL
0001193125-23-187702,CLINICAL
0001193125-23-067513,OTHER
0001193125-22-276373,OTHER
0001564590-20-050279,CLINICAL
0001564590-20-000890,PRESENTATION
0001564590-19-000287,PRESENTATION
0001193125-25-273317,OTHER
0001906324-24-000025,OTHER
0001906324-24-000006,OTHER
0001906324-22-000004,OTHER
0000950170-25-105008,CLINICAL
0001140361-25-032295,OTHER
0000950170-25-106525,OTHER
0001140361-25-020157,CLINICAL
0001140361-25-015880,PRESENTATION
0001140361-25-004957,OTHER
0001140361-25-000292,OTHER
0001140361-24-036404,OTHER
0001140361-24-028106,REGULATORY
0001140361-24-024799,OTHER
0001140361-24-014493,OTHER
0001140361-24-008051,OTHER
0001140361-23-056503,OTHER
0001140361-23-053086,OTHER
0001140361-23-052715,OTHER
0001140361-23-051485,OTHER
0001140361-23-050292,OTHER
0001140361-23-050007,OTHER
0001140361-23-012659,PRESENTATION
0001140361-22-046943,OTHER
0001193125-22-007230,PRESENTATION
0001193125-21-285231,PRESENTATION
0001193125-21-265927,PRESENTATION
0001193125-21-237049,OTHER
0001193125-21-218332,PRESENTATION
0001193125-21-152579,OTHER
0001193125-21-150867,CLINICAL
0001193125-21-066564,PRESENTATION
0001193125-21-017716,PRESENTATION
0001193125-20-316662,PRESENTATION
0001193125-20-295393,PRESENTATION
0001193125-20-248122,PRESENTATION
0001193125-20-172413,PRESENTATION
0001193125-20-027470,PRESENTATION
0001193125-20-003521,PRESENTATION
0001437749-25-029349,CLINICAL
0001193125-25-273107,OTHER
0000950170-25-107617,OTHER
0001193125-25-005014,OTHER
0001193125-24-198384,PRESENTATION
0001193125-24-172166,PRESENTATION
0001193125-24-171204,PRESENTATION
0001193125-24-135721,PRESENTATION
0001193125-24-061842,PRESENTATION
0001193125-23-241345,PRESENTATION
0001193125-23-146147,PRESENTATION
0001193125-23-139053,REGULATORY
0001193125-23-068584,PRESENTATION
0001193125-23-036914,PRESENTATION
0001193125-22-299482,PRESENTATION
0001193125-21-274662,PRESENTATION
0001193125-21-270925,CLINICAL
0001104659-25-087286,PRESENTATION
0001104659-25-080521,PRESENTATION
0001104659-25-064427,OTHER
0001104659-25-056205,PRESENTATION
0001104659-25-052682,PRESENTATION
0001104659-25-050715,CLINICAL
0001104659-25-027815,PRESENTATION
0001104659-25-016345,PRESENTATION
0001104659-25-002833,PRESENTATION
0001104659-24-131037,CLINICAL
0001104659-24-122350,OTHER
0001104659-24-119079,REGULATORY
0001104659-24-112402,PRESENTATION
0001104659-24-098158,PRESENTATION
0001104659-24-095960,PRESENTATION
0001104659-24-089167,PRESENTATION
0001104659-24-071445,CLINICAL
0001104659-24-068813,OTHER
0001104659-24-067368,PRESENTATION
0001104659-24-065741,PRESENTATION
0001104659-24-050169,PRESENTATION
0001104659-24-044442,OTHER
0001104659-24-032636,PRESENTATION
0001104659-24-030193,PRESENTATION
0001104659-24-009658,PRESENTATION
0001104659-24-003374,PRESENTATION
0001104659-24-001984,OTHER
0001104659-24-000494,PRESENTATION
0001104659-23-122982,PRESENTATION
0001104659-23-117491,OTHER
0001104659-23-111447,PRESENTATION
0001104659-23-100797,OTHER
0001104659-23-084834,PRESENTATION
0001104659-23-074042,OTHER
0001104659-23-071336,PRESENTATION
0001104659-23-068333,OTHER
0001104659-23-050799,OTHER
0001104659-23-045620,OTHER
0001104659-23-037779,OTHER
0001104659-23-034751,OTHER
0001104659-23-033380,OTHER
0001104659-23-032379,OTHER
0001104659-23-027962,OTHER
0001104659-22-072223,OTHER
0001104659-21-093483,OTHER
0001193125-25-275902,CLINICAL
0001193125-25-290003,OTHER
0001193125-25-270019,OTHER
0001193125-25-269992,OTHER
0001285550-25-000010,OTHER
0000950170-25-070346,OTHER
0000950170-25-027716,OTHER
0001285550-24-000120,OTHER
0001285550-24-000107,OTHER
0001285550-24-000097,OTHER
0001285550-24-000049,OTHER
0001285550-24-000030,OTHER
0001285550-24-000016,OTHER
0001285550-23-000114,OTHER
0001285550-23-000096,OTHER
0001285550-23-000045,OTHER
0001285550-23-000010,OTHER
0001285550-22-000076,OTHER
0001285550-22-000054,OTHER
0001285550-22-000041,OTHER
0001171520-22-000305,OTHER
0001171520-22-000133,OTHER
0001171520-22-000126,OTHER
0001171520-21-000516,OTHER
0001171520-21-000432,OTHER
0001171520-21-000344,OTHER
0001171520-21-000304,OTHER
0001171520-21-000229,OTHER
0001171520-21-000165,OTHER
0001171520-21-000039,OTHER
0001171520-20-000486,OTHER
0001171520-20-000451,OTHER
0001420506-20-001011,OTHER
0001171520-20-000364,OTHER
0001171520-20-000222,OTHER
0001171520-20-000182,OTHER
0001171520-20-000178,OTHER
0001171520-20-000124,OTHER
0001171520-20-000061,OTHER
0001171520-20-000041,OTHER
0001171520-20-000014,OTHER
0001171520-19-000341,OTHER
0001534424-19-000225,OTHER
0001534424-19-000188,OTHER
0001534424-19-000147,OTHER
0001534424-19-000135,OTHER
0001534424-19-000086,OTHER
0001104659-25-118934,OTHER
0001104659-25-117981,CLINICAL
0001104659-25-117947,CLINICAL
0001558370-25-009186,REGULATORY
0001558370-25-002097,REGULATORY
0001558370-24-013357,OTHER
0001558370-24-013207,REGULATORY
0001558370-24-012983,REGULATORY
0001558370-24-012836,OTHER
0001558370-24-006020,PRESENTATION
0001558370-23-016171,OTHER
0001558370-23-016149,REGULATORY
0001558370-22-010449,CLINICAL
0001104659-21-119139,CLINICAL
0001104659-21-034985,OTHER
0001104659-20-062419,PRESENTATION
0001104659-20-060930,CLINICAL
0001104659-20-031538,PRESENTATION
0001104659-19-073161,PRESENTATION
0001104659-19-064252,PRESENTATION
0001144204-19-047446,CLINICAL
0001144204-19-034770,PRESENTATION
0001725160-25-000159,OTHER
0001725160-25-000154,OTHER
0001725160-25-000147,OTHER
0001725160-25-000119,CLINICAL
0001725160-25-000108,PRESENTATION
0001725160-25-000082,PRESENTATION
0001628280-25-012899,CLINICAL
0001725160-25-000013,PRESENTATION
0001725160-25-000006,OTHER
0001725160-24-000177,OTHER
0001725160-24-000161,REGULATORY
0001725160-24-000131,PRESENTATION
0001725160-24-000082,PRESENTATION
0001725160-24-000012,OTHER
0001725160-24-000007,OTHER
0001725160-23-000195,OTHER
0001725160-23-000161,PRESENTATION
0001725160-23-000157,PRESENTATION
0001725160-23-000131,CLINICAL
0001725160-23-000129,CLINICAL
0001725160-23-000119,CLINICAL
0001725160-23-000073,CLINICAL
0001725160-23-000063,OTHER
0001725160-23-000057,OTHER
0001725160-23-000047,OTHER
0001725160-23-000006,PRESENTATION
0001725160-22-000199,OTHER
0001725160-22-000154,OTHER
0001725160-22-000076,CLINICAL
0001725160-22-000072,CLINICAL
0001493152-24-004066,OTHER
0001493152-22-025929,OTHER
0000950170-22-006965,PRESENTATION
0000950170-22-003857,PRESENTATION
0000950170-22-001894,PRESENTATION
0000950170-22-000225,PRESENTATION
0001193125-21-310493,PRESENTATION
0001171843-21-006440,PRESENTATION
0001171843-21-003941,PRESENTATION
0001171843-21-002837,PRESENTATION
0001171843-20-006367,OTHER
0001171843-20-005791,OTHER
0001171843-20-003925,OTHER
0001171843-20-001209,PRESENTATION
0001171843-20-000433,OTHER
0001171843-20-000299,PRESENTATION
0001171843-19-007138,PRESENTATION
0001171843-19-006101,OTHER
0001193805-25-001499,CLINICAL
0001193805-25-001368,OTHER
0001193805-25-001247,REGULATORY
0001193805-25-000946,CLINICAL
0001193805-24-000842,OTHER
0001193805-24-000392,CLINICAL
0001193805-23-000984,CLINICAL
0001193805-23-000929,REGULATORY
0001193805-23-000619,REGULATORY
0001193805-23-000532,OTHER
0001193805-22-001719,OTHER
0001193805-22-001712,CLINICAL
0001193805-22-000036,REGULATORY
0001193805-21-001738,OTHER
0001193805-21-001134,OTHER
0001193805-21-000630,CLINICAL
0001193805-21-000289,CLINICAL
0001193805-20-001052,OTHER
0001193805-20-000622,OTHER
0001193125-19-287260,PRESENTATION
0001193125-19-257389,OTHER
0001193125-19-221871,OTHER
0001193125-19-212594,OTHER
0001193125-19-212082,OTHER
0001193125-19-176908,OTHER
0001193125-19-176112,PRESENTATION
0001193125-25-250674,CLINICAL
0001193125-25-238989,OTHER
0001193125-25-132301,OTHER
0001193125-24-268003,OTHER
0001193125-24-189911,OTHER
0001193125-24-134840,CLINICAL
0000950170-22-022488,OTHER
0000950170-22-012381,OTHER
0001193125-21-235830,OTHER
0001564590-20-040672,OTHER
0001564590-20-021242,OTHER
0001564590-20-015011,OTHER
0001564590-19-025146,OTHER
0001564590-19-008253,OTHER
0000950170-25-111319,OTHER
0000950170-25-088738,CLINICAL
0000950170-25-009227,OTHER
0000950170-24-129402,OTHER
0001493152-22-012893,CLINICAL
0001493152-21-031964,OTHER
0001493152-21-031281,CLINICAL
0001493152-21-024236,CLINICAL
0001493152-21-013294,CLINICAL
0001493152-21-010348,CLINICAL
0001193125-25-100447,OTHER
0001274737-23-000004,OTHER
0001274737-23-000002,OTHER
0001274737-22-000067,OTHER
0001274737-22-000003,PRESENTATION
0001815776-25-000062,OTHER
0001815776-25-000025,PRESENTATION
0001815776-24-000049,OTHER
0001628280-24-012633,OTHER
0001193125-24-071353,OTHER
0001193125-24-063785,OTHER
0001193125-23-277555,OTHER
0000950170-23-029499,OTHER
0001564590-21-057384,OTHER
0001193125-25-177510,OTHER
0001193125-25-172207,OTHER
0001193125-23-256538,PRESENTATION
0000950170-22-002895,REGULATORY
0000950170-21-000445,REGULATORY
0000950170-21-000344,CLINICAL
0000950170-21-000338,CLINICAL
0000950170-21-000318,OTHER
0001564590-21-016669,CLINICAL
0001564590-21-013009,CLINICAL
0001564590-21-011597,PRESENTATION
0001564590-21-005752,CLINICAL
0001193125-20-322379,OTHER
0001193125-20-311281,CLINICAL
0001193125-20-310114,PRESENTATION
0001193125-20-304969,PRESENTATION
0001193125-20-303087,OTHER
0001193125-20-215058,CLINICAL
0001564590-19-036089,PRESENTATION
0001193125-19-130143,PRESENTATION
0001193125-19-051928,PRESENTATION
0001193125-25-264748,CLINICAL
0001728117-25-000040,OTHER
0001728117-23-000094,OTHER
0001728117-22-000057,OTHER
0001728117-21-000094,OTHER
0001564590-20-046250,CLINICAL
0001564590-20-000961,PRESENTATION
0001564590-19-018969,OTHER
0000950170-25-099631,CLINICAL
0000950170-24-134749,CLINICAL
0001628280-24-015247,PRESENTATION
0001628280-24-007972,CLINICAL
0001628280-24-000780,PRESENTATION
0001628280-23-036386,OTHER
0001628280-23-033014,CLINICAL
0001104659-23-088391,CLINICAL
0001628280-23-007567,OTHER
0001628280-22-025855,PRESENTATION
0001628280-22-024744,CLINICAL
0001628280-22-008987,OTHER
0001628280-22-008804,CLINICAL
0001628280-22-001039,CLINICAL
0001628280-21-018216,CLINICAL
0001628280-21-011401,PRESENTATION
0001628280-21-006756,CLINICAL
0001628280-20-017686,OTHER
0001628280-20-013800,PRESENTATION
0001628280-20-000311,PRESENTATION
0001104659-19-040280,PRESENTATION
0001104659-19-034533,PRESENTATION
0001193125-25-051990,PRESENTATION
0001193125-19-275403,OTHER
0001564590-19-037824,OTHER
0001564590-19-026232,OTHER
0001564590-19-013191,OTHER
0001564590-19-002909,OTHER
0000950170-24-135768,CLINICAL
0000950170-24-058186,OTHER
0001193125-25-286984,PRESENTATION
0001193125-25-167089,PRESENTATION
0001193125-25-165170,OTHER
0001193125-25-154016,OTHER
0001193125-24-283722,OTHER
0001193125-24-148112,CLINICAL
0001193125-24-041504,OTHER
0001193125-24-010227,OTHER
0001193125-23-144274,OTHER
0001193125-23-103005,OTHER
0001193125-22-292953,OTHER
0001193125-22-282059,CLINICAL
0001193125-21-326102,PRESENTATION
0001193125-25-256300,OTHER
0000950170-24-139569,OTHER
0000950170-24-120902,OTHER
0000950170-24-080026,REGULATORY
0000950170-24-065636,REGULATORY
0001193125-23-191942,OTHER
0001193125-23-044236,OTHER
0000950170-23-000458,OTHER
0001564590-22-023137,CLINICAL
0001564590-22-011751,REGULATORY
0001564590-21-001687,CLINICAL
0001564590-21-000771,OTHER
0001564590-20-043657,CLINICAL
0001564590-20-028307,CLINICAL
0001564590-20-000917,OTHER
0001564590-19-046060,PRESENTATION
0001564590-19-036139,CLINICAL
0001564590-19-032608,CLINICAL
0001193125-19-152334,CLINICAL
0001193125-19-146046,CLINICAL
0001193125-19-003247,REGULATORY
0000950170-23-049802,PRESENTATION
0000950170-23-007341,OTHER
0001564590-21-002003,OTHER
0001564590-21-001861,PRESENTATION
0001564590-21-000713,PRESENTATION
0001564590-20-030026,PRESENTATION
0001564590-20-025993,PRESENTATION
0001564590-19-019764,OTHER
0001564590-19-007103,PRESENTATION
0001564590-19-004889,OTHER
0001262104-25-000009,OTHER
0000950170-25-102419,OTHER
0000950170-24-087841,PRESENTATION
0000950170-24-085347,OTHER
0000950170-24-062739,PRESENTATION
0001193125-23-268167,OTHER
0001193125-23-249423,OTHER
0001193125-23-169500,PRESENTATION
0001193125-23-068392,OTHER
0001193125-23-046815,OTHER
0001193125-25-044830,CLINICAL
0001193125-24-247004,CLINICAL
0001193125-24-169805,CLINICAL
0001193125-24-033981,PRESENTATION
0001193125-24-011738,OTHER
0001193125-23-167330,PRESENTATION
0001193125-23-165409,OTHER
0001564590-22-014650,OTHER
0001213900-25-126825,OTHER
0001213900-23-098330,PRESENTATION
0001019056-22-000448,PRESENTATION
0001019056-22-000231,PRESENTATION
0001019056-21-000508,PRESENTATION
0001493152-25-025491,CLINICAL
0001641172-25-018894,CLINICAL
0001493152-24-050117,REGULATORY
0001493152-24-042193,OTHER
0001493152-24-041796,OTHER
0001493152-24-025435,OTHER
0001493152-24-017147,OTHER
0001493152-24-003984,OTHER
0001493152-23-046056,OTHER
0001493152-23-045515,CLINICAL
0001493152-23-038952,CLINICAL
0001493152-23-037290,OTHER
0001493152-23-023364,OTHER
0001493152-23-020081,CLINICAL
0001493152-23-000904,CLINICAL
0001493152-22-035118,OTHER
0001493152-22-031629,CLINICAL
0001493152-22-028519,CLINICAL
0001493152-22-028049,REGULATORY
0001493152-22-024228,CLINICAL
0001493152-22-018170,OTHER
0001493152-22-017652,OTHER
0001401914-22-000022,OTHER
0001401914-21-000114,REGULATORY
0001401914-21-000112,OTHER
0001401914-21-000064,OTHER
0001401914-20-000124,CLINICAL
0001401914-20-000007,OTHER
0001401914-19-000097,OTHER
0001401914-19-000088,OTHER
0001411690-25-000008,OTHER
0001140361-25-000296,OTHER
0001140361-25-000132,OTHER
0001140361-24-040508,OTHER
0001140361-24-027553,OTHER
0001140361-24-018181,OTHER
0001140361-24-009930,OTHER
0001411690-23-000080,OTHER
0001140361-23-047688,OTHER
0001140361-23-039417,OTHER
0001140361-21-034291,OTHER
0001372514-25-000068,PRESENTATION
0001372514-25-000050,OTHER
0001372514-24-000117,REGULATORY
0001372514-24-000068,OTHER
0001372514-24-000013,PRESENTATION
0001372514-24-000010,OTHER
0001372514-24-000007,OTHER
0001372514-23-000160,PRESENTATION
0001372514-23-000112,OTHER
0001104659-23-002295,PRESENTATION
0001104659-22-066571,OTHER
0001104659-22-010000,OTHER
0001104659-22-002825,PRESENTATION
0001104659-21-149776,OTHER
0001104659-21-129738,OTHER
0001104659-21-115504,PRESENTATION
0001104659-21-095852,OTHER
0001104659-21-072696,PRESENTATION
0001104659-21-045169,OTHER
0001104659-20-104579,PRESENTATION
0001104659-20-067975,PRESENTATION
0001144204-19-043861,PRESENTATION
0001628280-25-044223,CLINICAL
0001516551-24-000085,OTHER
0001516551-24-000064,OTHER
0001516551-24-000052,OTHER
0001516551-24-000002,OTHER
0001516551-23-000073,OTHER
0001516551-23-000016,OTHER
0001516551-22-000033,OTHER
0001516551-21-000009,OTHER
0001640334-19-001000,OTHER
0001640334-19-000347,OTHER
0001493152-23-043009,OTHER
0001493152-23-038049,OTHER
0001493152-23-003270,OTHER
0001493152-22-025380,OTHER
0001493152-22-021792,OTHER
0001493152-22-018686,OTHER
0001493152-22-017194,OTHER
0001493152-22-012251,CLINICAL
0001493152-22-003481,OTHER
0001493152-22-002364,OTHER
0001493152-21-027784,OTHER
0001493152-21-023828,OTHER
0001493152-21-017401,PRESENTATION
0001493152-21-016422,OTHER
0001493152-21-015864,OTHER
0001493152-21-015806,OTHER
0001493152-21-013365,OTHER
0001493152-21-010710,OTHER
0001493152-21-009990,REGULATORY
0001213900-21-010229,OTHER
0001213900-21-006660,PRESENTATION
0001213900-21-006308,PRESENTATION
0001213900-21-005594,OTHER
0001193125-20-041309,PRESENTATION
0001193125-20-031371,PRESENTATION
0001213900-20-001823,OTHER
0001213900-20-000519,OTHER
0001213900-20-000367,PRESENTATION
0001213900-20-000220,OTHER
0001213900-19-027124,OTHER
0001493152-25-023419,OTHER
0001641172-25-023570,CLINICAL
0001641172-25-011873,OTHER
0001641172-25-010112,CLINICAL
0001654954-25-004265,CLINICAL
0001654954-25-003372,CLINICAL
0001654954-25-002886,OTHER
0001654954-25-000570,OTHER
0001654954-24-014289,OTHER
0001654954-24-010104,OTHER
0001654954-24-006396,CLINICAL
0001654954-24-003500,OTHER
0001654954-23-014015,REGULATORY
0001654954-23-010489,OTHER
0001654954-23-007177,OTHER
0001654954-23-006209,REGULATORY
0001654954-23-003181,OTHER
0001654954-23-001927,OTHER
0001654954-22-016099,CLINICAL
0001654954-22-015036,OTHER
0001654954-22-011373,OTHER
0001654954-22-006969,OTHER
0001654954-22-003871,OTHER
0001654954-22-000428,OTHER
0001654954-21-012446,CLINICAL
0001654954-21-012224,CLINICAL
0001654954-21-010436,OTHER
0001193125-21-263316,OTHER
0001193125-25-337646,OTHER
0001193125-24-283212,OTHER
0001193125-24-282547,PRESENTATION
0001193125-24-004912,PRESENTATION
0001193125-23-293959,CLINICAL
0000950170-23-007213,OTHER
0001193125-22-101666,PRESENTATION
0000950170-25-107984,OTHER
0000950170-25-071347,OTHER
0000950170-25-045761,OTHER
0000950170-24-129750,OTHER
0000950170-24-126787,OTHER
0000950170-24-095801,OTHER
0000950170-24-059152,OTHER
0000950170-24-058981,OTHER
0000950170-24-037652,OTHER
0001510964-23-000042,OTHER
0001510964-23-000036,OTHER
0001510964-23-000030,OTHER
0001510964-23-000022,OTHER
0001510964-23-000012,OTHER
0001510964-23-000003,OTHER
0001510964-22-000085,OTHER
0001510964-22-000076,OTHER
0001510964-22-000072,OTHER
0001510964-22-000065,OTHER
0001510964-22-000040,OTHER
0001510964-22-000016,OTHER
0001510964-21-000082,OTHER
0001510964-21-000065,OTHER
0001510964-21-000056,OTHER
0001510964-21-000026,OTHER
0001510964-21-000010,OTHER
0001510964-20-000072,OTHER
0001510964-20-000064,OTHER
0001510964-20-000039,OTHER
0001510964-20-000010,OTHER
0001510964-19-000064,OTHER
0001510964-19-000057,OTHER
0001510964-19-000054,OTHER
0001510964-19-000049,OTHER
0001510964-19-000040,OTHER
0001510964-19-000025,OTHER
0001510964-19-000009,OTHER
0001510964-19-000006,OTHER
0001683168-19-000034,OTHER
0001193125-25-256367,OTHER
0001193125-25-240400,OTHER
0000950170-24-029611,CLINICAL
0000950170-24-008972,PRESENTATION
0000950170-23-053115,PRESENTATION
0000950170-23-051141,OTHER
0000950170-23-030766,OTHER
0000950170-23-027498,OTHER
0000950170-23-024262,PRESENTATION
0000950170-23-023380,OTHER
0000950170-23-011612,OTHER
0000950170-23-002652,OTHER
0000950170-23-001502,OTHER
0000950170-23-000613,PRESENTATION
0000950170-22-024560,OTHER
0000950170-22-020014,OTHER
0000950170-22-019354,PRESENTATION
0000950170-22-017552,OTHER
0001213900-22-012515,PRESENTATION
0001213900-22-006506,PRESENTATION
0001213900-22-003972,OTHER
0001213900-22-001924,PRESENTATION
0001213900-21-067371,OTHER
0001213900-21-052510,OTHER
0001213900-21-045753,OTHER
0001824293-25-000126,PRESENTATION
0001824293-25-000082,CLINICAL
0001824293-24-000107,OTHER
0001824293-24-000049,OTHER
0001824293-24-000014,PRESENTATION
0001824293-23-000166,PRESENTATION
0001824293-23-000161,PRESENTATION
0001824293-23-000114,PRESENTATION
0001104659-21-029269,PRESENTATION
0000950170-25-108447,OTHER
0000950170-25-057685,OTHER
0000950170-25-056974,OTHER
0000950170-25-048888,OTHER
0000950170-25-045740,OTHER
0000950170-25-041749,OTHER
0000950170-24-050906,PRESENTATION
0000950170-24-011954,PRESENTATION
0001564590-22-007614,OTHER
0001493152-25-022349,CLINICAL
0001493152-25-021418,CLINICAL
0001493152-25-019353,OTHER
0001641172-25-022791,OTHER
0001641172-25-021039,OTHER
0001641172-25-018553,OTHER
0001641172-25-010348,REGULATORY
0001641172-25-005777,OTHER
0001641172-25-003501,OTHER
0001641172-25-001822,OTHER
0001493152-25-009731,OTHER
0001493152-25-003916,OTHER
0001493152-25-001567,OTHER
0001493152-24-046434,PRESENTATION
0001493152-24-044932,OTHER
0001493152-24-041623,OTHER
0001493152-24-038718,REGULATORY
0001493152-24-035939,PRESENTATION
0001493152-24-033579,PRESENTATION
0001493152-24-031718,OTHER
0001493152-24-029384,OTHER
0001493152-24-026374,OTHER
0001493152-24-022229,OTHER
0001493152-24-019358,OTHER
0001493152-24-015390,OTHER
0001493152-24-010208,OTHER
0001493152-24-008203,PRESENTATION
0001493152-24-005220,OTHER
0001493152-24-001661,PRESENTATION
0001493152-24-001163,PRESENTATION
0001493152-23-045437,PRESENTATION
0001493152-23-041223,OTHER
0001493152-23-038596,OTHER
0001193125-23-213869,PRESENTATION
0001193125-23-173151,OTHER
0001193125-23-032729,OTHER
0001193125-23-004705,OTHER
0001193125-22-283885,OTHER
0001640334-25-001766,OTHER
0001640334-25-001642,OTHER
0001640334-25-001334,REGULATORY
0001640334-25-001062,OTHER
0001640334-23-000334,OTHER
0001640334-19-002370,PRESENTATION
0001683168-25-008953,OTHER
0001683168-25-008257,OTHER
0001683168-25-006360,PRESENTATION
0001683168-25-006042,OTHER
0001683168-25-004784,OTHER
0001683168-25-000957,CLINICAL
0001683168-24-007972,OTHER
0001683168-24-005697,OTHER
0001683168-21-000070,PRESENTATION
0001493152-25-018687,OTHER
0001641172-25-011962,OTHER
0001641172-25-000209,OTHER
0001493152-24-028818,OTHER
0001493152-23-044597,OTHER
0001493152-23-017984,OTHER
0001493152-23-012220,OTHER
0001618835-23-000015,OTHER
0001618835-23-000014,OTHER
0001618835-22-000189,PRESENTATION
0001618835-22-000153,PRESENTATION
0001618835-22-000128,PRESENTATION
0001618835-22-000112,PRESENTATION
0001618835-22-000016,PRESENTATION
0001618835-21-000258,OTHER
0001618835-21-000241,OTHER
0001618835-21-000209,PRESENTATION
0001618835-21-000190,PRESENTATION
0001618835-21-000142,PRESENTATION
0001618835-21-000091,PRESENTATION
0001618835-21-000049,OTHER
0001618835-21-000046,PRESENTATION
0001618835-21-000022,PRESENTATION
0001618835-21-000018,PRESENTATION
0001618835-20-000250,PRESENTATION
0001618835-20-000244,PRESENTATION
0001618835-20-000222,PRESENTATION
0001618835-20-000007,PRESENTATION
0001618835-19-000160,PRESENTATION
0001618835-19-000005,PRESENTATION
0001096906-22-002280,OTHER
0001096906-22-000524,OTHER
0001096906-21-001784,OTHER
0001078782-20-000320,OTHER
0001078782-20-000186,OTHER
0001078782-19-000576,OTHER
0001078782-19-000493,OTHER
0001078782-19-000366,OTHER
0001078782-19-000294,OTHER
0001078782-19-000057,PRESENTATION
0001078782-19-000021,OTHER
0001438133-20-000098,OTHER
0001564590-21-028554,OTHER
0001193805-20-001508,OTHER
0001193125-22-043939,OTHER
0001193125-23-204493,OTHER
0001140361-24-044715,OTHER
0001140361-24-032559,OTHER
0001140361-22-043313,OTHER
0001516551-23-000046,OTHER
0001193125-25-280116,OTHER
0001078782-20-000007,OTHER
0001093557-25-000111,OTHER
0001093557-24-000143,OTHER
0001093557-23-000222,OTHER
0001093557-23-000218,OTHER
0001093557-23-000191,OTHER
0001193125-23-137248,OTHER
0001193125-23-133137,OTHER
0001193125-23-131265,OTHER
0001093557-22-000151,OTHER
0001093557-22-000145,OTHER
0001193125-22-005104,OTHER
0001193125-21-336940,OTHER
0001193125-21-205018,OTHER
0001093557-20-000278,OTHER
0001193125-20-217131,OTHER
0001193125-20-182596,OTHER
0001193125-20-143408,OTHER
0001193125-20-139830,OTHER
0001193125-20-138228,OTHER
0001093557-19-000209,OTHER
0001193125-25-258519,OTHER
0001193125-25-170512,OTHER
0001193125-25-091357,OTHER
0001193125-25-017218,OTHER
0001193125-24-242806,OTHER
0001193125-24-191487,OTHER
0001193125-24-113883,OTHER
0001193125-24-014223,OTHER
0001193125-23-264072,OTHER
0001193125-23-202850,OTHER
0001193125-23-122110,OTHER
0001193125-23-016231,OTHER
0001193125-22-270961,OTHER
0001193125-22-218522,OTHER
0001193125-22-127535,OTHER
0001193125-22-019765,OTHER
0001193125-21-311286,OTHER
0001193125-21-237704,OTHER
0001193125-21-140371,OTHER
0001193125-21-020758,OTHER
0001193125-20-281037,OTHER
0001193125-20-210635,OTHER
0001193125-20-128755,OTHER
0001193125-20-019606,OTHER
0001193125-19-273579,OTHER
0001193125-19-202515,OTHER
0001193125-19-134997,OTHER
0001193125-19-015912,OTHER
0001193125-25-297576,OTHER
0001193125-25-277870,OTHER
0001193125-25-144290,OTHER
0001193125-24-215883,OTHER
0001193125-24-214335,OTHER
0001193125-24-167025,OTHER
0001193125-24-153239,OTHER
0000950157-23-000577,OTHER
0001193125-22-303832,OTHER
0001193125-22-296685,OTHER
0000950157-22-000997,OTHER
0001110803-22-000035,OTHER
0001110803-22-000026,OTHER
0000950157-21-001099,OTHER
0000950157-21-000850,OTHER
0001193125-21-089600,OTHER
0000950157-21-000344,OTHER
0001193125-21-079640,OTHER
0000950157-21-000303,OTHER
0001110803-20-000066,OTHER
0000950157-20-001121,OTHER
0001110803-19-000060,OTHER
0001110803-19-000031,OTHER
0000914475-24-000229,REGULATORY
0000914475-24-000214,OTHER
0000914475-23-000078,OTHER
0000914475-23-000075,OTHER
0000914475-23-000067,OTHER
0000914475-23-000065,CLINICAL
0000914475-23-000062,CLINICAL
0000914475-23-000023,OTHER
0000914475-23-000016,OTHER
0000914475-22-000035,OTHER
0000914475-22-000032,OTHER
0000914475-21-000064,OTHER
0000914475-21-000009,OTHER
0000914475-20-000043,OTHER
0000914475-20-000040,OTHER
0000914475-20-000005,OTHER
0001193125-20-191864,REGULATORY
0001159036-25-000049,OTHER
0001159036-25-000047,OTHER
0001159036-23-000051,OTHER
0001159036-23-000017,OTHER
0001193125-22-221861,OTHER
0001193125-22-220557,OTHER
0001193125-21-055596,OTHER
0001193125-21-052372,OTHER
0001193125-19-294791,OTHER
0001193125-19-291625,OTHER
0001193125-19-289955,OTHER
0001193125-19-171015,OTHER
0001193125-25-284609,OTHER
0001140361-25-019620,CLINICAL
0001140361-24-050057,REGULATORY
0001193125-24-217333,OTHER
0001193125-24-215939,OTHER
0001140361-24-028247,CLINICAL
0001140361-24-018449,CLINICAL
0001140361-24-002995,CLINICAL
0001140361-23-058974,REGULATORY
0001140361-23-045170,CLINICAL
0001140361-23-041038,OTHER
0001140361-23-040746,OTHER
0001140361-23-033840,CLINICAL
0001193125-23-165273,OTHER
0001193125-23-161613,OTHER
0001140361-23-020335,REGULATORY
0001140361-23-019757,CLINICAL
0001140361-23-013852,CLINICAL
0001140361-22-026294,OTHER
0001140361-22-023541,CLINICAL
0001140361-21-039298,CLINICAL
0001140361-21-034722,CLINICAL
0001193125-21-113586,OTHER
0001140361-21-009508,CLINICAL
0001140361-20-027746,PRESENTATION
0001193125-20-268017,OTHER
0001193125-20-235408,OTHER
0000950170-24-134342,REGULATORY
0001193125-24-235275,OTHER
0000950170-24-109644,REGULATORY
0001193125-24-165903,OTHER
0001193125-24-055935,OTHER
0001193125-23-234504,OTHER
0000950170-23-007454,OTHER
0000950170-22-025709,REGULATORY
0000950170-22-019537,OTHER
0001193125-22-104334,OTHER
0000950170-22-004123,OTHER
0001564590-22-001071,PRESENTATION
0001564590-21-055080,CLINICAL
0001193125-21-304041,OTHER
0001564590-21-051031,OTHER
0001564590-21-048956,OTHER
0001564590-21-034687,OTHER
0001193125-21-110225,OTHER
0001564590-21-004179,CLINICAL
0001564590-21-003931,CLINICAL
0001564590-21-000325,PRESENTATION
0001564590-20-044046,REGULATORY
0001193125-20-108092,OTHER
0001193125-25-331244,OTHER
0001326110-25-000143,REGULATORY
0001193125-25-177024,OTHER
0001193125-25-112057,REGULATORY
0001193125-24-274871,OTHER
0001193125-24-274438,OTHER
0001326110-24-000115,CLINICAL
0001326110-24-000003,OTHER
0001326110-23-000121,OTHER
0001326110-23-000112,OTHER
0001326110-23-000102,OTHER
0001193125-23-190491,OTHER
0001326110-23-000063,REGULATORY
0001326110-23-000023,REGULATORY
0001326110-23-000014,OTHER
0001326110-22-000076,OTHER
0001193125-21-270970,CLINICAL
0001193125-21-190551,REGULATORY
0001193125-21-057184,OTHER
0001193125-21-054808,OTHER
0001193125-20-322298,CLINICAL
0001193125-20-179095,OTHER
0001193125-20-177788,OTHER
0001193125-19-169172,OTHER
0001438533-25-000049,REGULATORY
0001438533-25-000032,REGULATORY
0001438533-25-000020,REGULATORY
0001438533-25-000012,REGULATORY
0001438533-25-000004,REGULATORY
0001193125-24-254153,OTHER
0001438533-24-000038,OTHER
0001438533-24-000035,REGULATORY
0001438533-24-000016,REGULATORY
0001438533-24-000007,REGULATORY
0001438533-23-000050,OTHER
0001193125-23-239098,CLINICAL
0001438533-23-000030,CLINICAL
0001438533-23-000018,CLINICAL
0001193125-23-056553,OTHER
0001438533-23-000002,REGULATORY
0001438533-22-000044,REGULATORY
0001438533-22-000042,REGULATORY
0001438533-22-000029,REGULATORY
0001438533-22-000010,REGULATORY
0001193125-22-073387,OTHER
0001438533-21-000056,CLINICAL
0001438533-21-000039,REGULATORY
0001438533-21-000036,CLINICAL
0001438533-21-000021,REGULATORY
0001193125-21-041753,OTHER
0001193125-21-036508,OTHER
0001438533-21-000002,CLINICAL
0001438533-20-000033,OTHER
0001438533-20-000026,OTHER
0001193125-20-164649,OTHER
0001438533-20-000015,OTHER
0001193125-19-226355,CLINICAL
0000950170-24-116856,CLINICAL
0000950170-24-076474,OTHER
0001193125-24-141066,OTHER
0001193125-24-140591,PRESENTATION
0000950170-23-069212,REGULATORY
0000950170-23-045056,OTHER
0000950170-23-026427,PRESENTATION
0000950170-23-024292,CLINICAL
0000950170-23-013370,CLINICAL
0001193125-23-028869,PRESENTATION
0001193125-22-301902,OTHER
0001193125-22-301402,PRESENTATION
0001193125-22-240127,PRESENTATION
0001193125-21-219642,OTHER
0001193125-25-180841,OTHER
0001193125-25-177452,OTHER
0000886163-24-000051,OTHER
0000886163-24-000047,REGULATORY
0000886163-24-000039,OTHER
0000886163-24-000002,REGULATORY
0000886163-23-000078,OTHER
0000886163-23-000053,OTHER
0000886163-23-000009,OTHER
0001193125-22-256260,OTHER
0001193125-22-082890,OTHER
0000886163-21-000123,CLINICAL
0000886163-21-000112,OTHER
0000886163-20-000141,OTHER
0000886163-20-000129,OTHER
0000886163-20-000126,OTHER
0000886163-20-000037,OTHER
0000886163-20-000034,OTHER
0000886163-20-000009,OTHER
0000886163-20-000002,OTHER
0000886163-19-000169,OTHER
0000886163-19-000167,OTHER
0000886163-19-000126,OTHER
0000886163-19-000117,OTHER
0001193125-19-170732,OTHER
0000886163-19-000095,OTHER
0000886163-19-000088,OTHER
0000886163-19-000059,OTHER
0000886163-19-000024,OTHER
0000886163-19-000022,OTHER
0001193125-25-138452,OTHER
0001193125-25-123175,OTHER
0001193125-24-064791,CLINICAL
0001193125-23-281574,OTHER
0001193125-23-068406,OTHER
0001193125-21-362806,REGULATORY
0001193125-21-349137,CLINICAL
0001193125-21-073270,REGULATORY
0001193125-20-229278,OTHER
0001193125-20-195481,REGULATORY
0001193125-19-248388,OTHER
0001193125-19-240440,CLINICAL
0001193125-19-064601,OTHER
0000950170-25-057323,OTHER
0000950170-25-036820,OTHER
0000950170-24-024878,OTHER
0000950170-24-023838,OTHER
0000950170-23-011636,OTHER
0000950170-23-011443,OTHER
0001823239-24-000133,OTHER
0001823239-22-000002,OTHER
0001823239-21-000009,OTHER
0001193125-20-303088,OTHER
0001370053-25-000097,OTHER
0001370053-25-000096,OTHER
0001370053-25-000028,OTHER
0001370053-24-000067,CLINICAL
0001370053-23-000010,OTHER
0001438133-25-000160,REGULATORY
0001438133-25-000091,REGULATORY
0001438133-25-000072,REGULATORY
0001438133-24-000088,OTHER
0001438133-24-000047,REGULATORY
0001438133-24-000042,OTHER
0001628280-23-036843,REGULATORY
0001438133-22-000014,REGULATORY
0001438133-20-000101,OTHER
0001438133-20-000095,REGULATORY
0001438133-20-000069,OTHER
0001438133-19-000030,REGULATORY
0000950123-19-005922,CLINICAL
0001193125-25-185553,CLINICAL
0001193125-25-152016,CLINICAL
0001193125-24-244590,REGULATORY
0001193125-24-021953,REGULATORY
0001193125-23-301829,CLINICAL
0001193125-23-055156,OTHER
0001193125-22-293899,OTHER
0001193125-21-276124,OTHER
0002007919-24-000054,OTHER
0001104659-24-066645,OTHER
0001193125-25-271197,OTHER
0001193125-25-054786,OTHER
0001193125-25-047166,OTHER
0001193125-25-044094,OTHER
0001193125-23-108488,OTHER
0001193125-23-106427,OTHER
0001564590-21-049126,OTHER
0001564590-21-041862,OTHER
0001564590-21-040813,OTHER
0001193125-20-271231,OTHER
0001193125-20-268645,OTHER
0001193125-19-212044,OTHER
0001193125-19-207213,OTHER
0001193125-24-271578,OTHER
0000950170-24-023257,OTHER
0000950170-24-022266,OTHER
0000950170-24-021425,CLINICAL
0000950170-23-039843,CLINICAL
0001193125-23-188867,OTHER
0000950170-22-006779,PRESENTATION
0001193125-21-191155,OTHER
0001193125-25-304559,OTHER
0001193125-25-280255,REGULATORY
0001193125-25-249348,OTHER
0001193125-25-241416,OTHER
0001193125-25-142816,PRESENTATION
0001193125-25-133717,PRESENTATION
0001193125-25-020831,PRESENTATION
0001193125-25-002189,OTHER
0001193125-24-283109,OTHER
0001193125-24-147030,OTHER
0001193125-24-018713,PRESENTATION
0001193125-24-016715,OTHER
0001193125-23-301830,OTHER
0001193125-23-166858,OTHER
0001193125-23-164835,PRESENTATION
0001193125-23-105746,CLINICAL
0001193125-23-004159,PRESENTATION
0001193125-22-302283,CLINICAL
0001193125-22-276906,CLINICAL
0001193125-22-013806,REGULATORY
0001193125-21-339334,REGULATORY
0001193125-20-313807,OTHER
0001193125-20-311098,PRESENTATION
0001564590-20-027461,CLINICAL
0001193125-20-134958,OTHER
0001564590-20-008679,REGULATORY
0001193125-19-314539,REGULATORY
0000950123-19-011815,CLINICAL
0001564590-19-038526,CLINICAL
0001193125-19-235863,CLINICAL
0001193125-19-219012,OTHER
0001193125-19-176463,OTHER
0001193125-19-173019,CLINICAL
0001193125-25-185355,OTHER
0001193125-24-263447,OTHER
0001906324-22-000035,OTHER
0001906324-22-000019,OTHER
0001193125-21-100253,OTHER
0001140361-25-034506,PRESENTATION
0001140361-23-049083,OTHER
0001140361-23-042067,OTHER
0001140361-23-009748,OTHER
0001140361-22-030838,OTHER
0001140361-22-030333,OTHER
0001140361-22-027565,OTHER
0001193125-22-181696,OTHER
0001193125-22-170374,OTHER
0001193125-22-016551,REGULATORY
0001193125-21-300039,OTHER
0001193125-21-286802,REGULATORY
0001193125-21-221838,CLINICAL
0001193125-21-217238,PRESENTATION
0001193125-21-203458,REGULATORY
0001193125-21-164621,CLINICAL
0001193125-21-019329,OTHER
0001193125-21-017700,OTHER
0001193125-20-308422,REGULATORY
0001193125-20-174052,OTHER
0001193125-20-171303,CLINICAL
0001193125-20-036011,OTHER
0001193125-20-027476,CLINICAL
0001193125-20-009556,OTHER
0001193125-19-261180,CLINICAL
0001193125-19-095661,REGULATORY
0001437749-25-037842,OTHER
0001437749-25-037547,CLINICAL
0001437749-25-035860,CLINICAL
0001437749-25-016877,OTHER
0001437749-25-013334,OTHER
0001193125-25-190202,OTHER
0001193125-25-047351,REGULATORY
0001193125-23-237996,REGULATORY
0001193125-22-280241,OTHER
0001193125-22-275336,OTHER
0001193125-22-266351,REGULATORY
0001193125-22-199246,OTHER
0001193125-20-312895,OTHER
0001104659-24-088395,OTHER
0001104659-24-087838,OTHER
0001104659-24-079351,OTHER
0001104659-23-030711,OTHER
0001104659-21-094971,OTHER
0000950170-25-074397,OTHER
0000950170-25-069175,OTHER
0001285550-23-000048,OTHER
0001171520-22-000364,OTHER
0001171520-22-000319,OTHER
0001171520-21-000261,OTHER
0000950170-25-098327,OTHER
0001558370-25-000010,REGULATORY
0001558370-24-013344,REGULATORY
0001558370-24-000197,OTHER
0001558370-23-019717,CLINICAL
0001558370-22-010821,REGULATORY
0001558370-22-005003,OTHER
0001104659-21-083149,OTHER
0001104659-20-122803,OTHER
0001104659-20-060449,CLINICAL
0001104659-20-058192,OTHER
0001104659-20-056292,CLINICAL
0001104659-20-034994,OTHER
0001104659-19-074247,OTHER
0001104659-19-073600,OTHER
0001104659-19-063785,OTHER
0001144204-19-042160,OTHER
0001144204-19-034627,CLINICAL
0001144204-19-031589,OTHER
0001144204-19-005129,CLINICAL
0001144204-19-002173,REGULATORY
0001725160-25-000164,OTHER
0001628280-23-022240,OTHER
0001725160-23-000137,OTHER
0001628280-22-014546,OTHER
0001628280-22-010794,OTHER
0001725160-21-000226,REGULATORY
0001725160-21-000156,OTHER
0001725160-21-000146,CLINICAL
0001493152-25-018324,OTHER
0001493152-25-017630,OTHER
0001493152-25-015775,OTHER
0001493152-25-014071,OTHER
0001641172-25-020896,OTHER
0001641172-25-018313,OTHER
0001493152-24-050203,OTHER
0001493152-24-018687,OTHER
0001493152-24-017739,OTHER
0001493152-24-014253,PRESENTATION
0001493152-24-013336,OTHER
0001493152-24-006132,OTHER
0001493152-24-004539,OTHER
0001493152-23-032278,OTHER
0001493152-23-032245,OTHER
0001493152-23-032118,OTHER
0001493152-23-011066,OTHER
0001493152-23-007342,OTHER
0001493152-23-003966,OTHER
0001493152-23-000368,OTHER
0001493152-22-035770,PRESENTATION
0001493152-22-032591,OTHER
0000950170-22-017505,OTHER
0001193125-22-143077,OTHER
0000950170-22-005828,OTHER
0001193125-21-304862,OTHER
0001171843-21-004377,OTHER
0001171843-21-003780,OTHER
0001171843-21-003201,OTHER
0001171843-21-002819,OTHER
0001171843-21-002410,OTHER
0001171843-21-002038,OTHER
0001171843-21-001886,OTHER
0001171843-20-004007,OTHER
0001171843-20-002720,REGULATORY
0001171843-20-002458,OTHER
0001171843-20-000155,OTHER
0001171843-19-008270,OTHER
0001171843-19-005227,OTHER
0001171843-19-004639,OTHER
0001193805-23-001328,OTHER
0001193805-23-001174,OTHER
0001193805-23-001112,CLINICAL
0001193805-22-000672,CLINICAL
0001193805-21-000256,OTHER
0001193805-20-001274,OTHER
0001193805-20-001229,OTHER
0001193805-20-000886,OTHER
0001564590-20-017549,OTHER
0001564590-20-017147,OTHER
0001193125-19-252227,OTHER
0001193125-19-245891,OTHER
0001193805-19-000694,OTHER
0001193125-24-072871,OTHER
0001193125-23-227749,OTHER
0000950170-23-026747,PRESENTATION
0001193125-23-002504,OTHER
0001193125-21-356947,CLINICAL
0001193125-21-005180,OTHER
0001564590-20-056247,OTHER
0001193125-20-164916,OTHER
0001564590-20-019242,REGULATORY
0001193125-19-244198,OTHER
0001564590-19-000184,REGULATORY
0001193125-25-302552,OTHER
0001193125-25-291979,OTHER
0001193125-25-276249,OTHER
0000950170-25-061466,OTHER
0000950170-24-059689,OTHER
0000950170-24-035365,OTHER
0001493152-24-006901,OTHER
0001493152-24-005046,OTHER
0001493152-23-022030,OTHER
0001493152-23-018160,OTHER
0001493152-22-004309,OTHER
0001493152-21-032109,OTHER
0001493152-21-006641,CLINICAL
0001493152-21-005498,OTHER
0001493152-20-021436,CLINICAL
0001493152-20-020982,CLINICAL
0001493152-20-009635,OTHER
0001493152-19-015684,OTHER
0001493152-19-015458,CLINICAL
0001493152-19-014295,REGULATORY
0001493152-19-012036,OTHER
0001493152-19-006740,OTHER
0001493152-19-006272,CLINICAL
0001493152-19-006051,CLINICAL
0001493152-19-003570,OTHER
0001493152-19-002770,OTHER
0001493152-19-001907,OTHER
0001274737-25-000055,OTHER
0001193125-25-116881,OTHER
0001193125-25-115946,OTHER
0001274737-25-000003,OTHER
0001274737-24-000071,OTHER
0001274737-24-000030,OTHER
0001274737-23-000074,OTHER
0001274737-21-000106,OTHER
0001274737-21-000085,OTHER
0001274737-21-000021,OTHER
0001628280-19-014376,OTHER
0001193125-19-252366,OTHER
0001815776-25-000077,OTHER
0001815776-25-000064,OTHER
0001815776-25-000059,REGULATORY
0001815776-24-000064,CLINICAL
0001815776-24-000053,REGULATORY
0001815776-24-000035,CLINICAL
0001193125-24-058513,OTHER
0001193125-23-303051,OTHER
0000950170-23-044135,OTHER
0000950170-23-003808,OTHER
0000950170-23-000228,CLINICAL
0000950170-22-026333,OTHER
0000950170-22-021600,PRESENTATION
0000950170-22-016657,CLINICAL
0001193125-25-231860,OTHER
0001193125-25-209068,OTHER
0000950170-25-113023,OTHER
0001193125-25-021348,CLINICAL
0001193125-24-248138,PRESENTATION
0001193125-24-247760,OTHER
0001193125-24-153667,CLINICAL
0001193125-24-082709,CLINICAL
0001193125-24-063618,OTHER
0001193125-24-044664,OTHER
0001193125-24-041994,OTHER
0001193125-23-300417,PRESENTATION
0000950170-23-061084,CLINICAL
0001193125-22-311788,OTHER
0001193125-22-305076,OTHER
0001193125-22-298869,OTHER
0001193125-22-251807,CLINICAL
0001193125-22-251386,OTHER
0001193125-22-238883,OTHER
0001193125-22-144343,CLINICAL
0001193125-22-116380,CLINICAL
0000950170-22-002622,OTHER
0000950170-21-000348,OTHER
0001564590-21-004194,OTHER
0001193125-20-281174,REGULATORY
0001193125-20-220538,OTHER
0001193125-20-191424,CLINICAL
0001193125-19-312050,OTHER
0001193125-19-302509,OTHER
0001564590-19-042913,OTHER
0001193125-19-045346,OTHER
0001193125-25-314364,OTHER
0001193125-25-267402,PRESENTATION
0001193125-25-234722,REGULATORY
0000950170-25-112645,PRESENTATION
0000950170-25-107320,OTHER
0001193125-25-027245,OTHER
0001728117-25-000004,OTHER
0001728117-24-000080,OTHER
0001728117-24-000052,OTHER
0001728117-24-000013,OTHER
0001728117-23-000091,CLINICAL
0001728117-23-000030,REGULATORY
0001728117-22-000102,CLINICAL
0001728117-22-000035,CLINICAL
0001564590-20-026546,OTHER
0000950170-25-087369,PRESENTATION
0000950170-24-134970,OTHER
0001628280-24-026295,OTHER
0001628280-23-025483,OTHER
0001628280-23-022757,OTHER
0001628280-23-002037,OTHER
0001628280-22-024362,PRESENTATION
0001628280-22-001522,OTHER
0001628280-22-000669,OTHER
0001628280-21-024814,PRESENTATION
0001628280-21-024493,OTHER
0001628280-21-022729,PRESENTATION
0001628280-21-018136,PRESENTATION
0001628280-21-017578,PRESENTATION
0001628280-21-013733,OTHER
0001628280-21-013508,PRESENTATION
0001628280-21-013021,OTHER
0001628280-21-012005,OTHER
0001628280-21-011784,OTHER
0001628280-21-010750,PRESENTATION
0001628280-21-006707,PRESENTATION
0001628280-21-004508,PRESENTATION
0001628280-21-003831,PRESENTATION
0001628280-21-002984,PRESENTATION
0001628280-21-002232,PRESENTATION
0001628280-21-001908,CLINICAL
0001628280-21-000813,REGULATORY
0001628280-21-000474,CLINICAL
0001628280-20-017151,CLINICAL
0001628280-20-016701,PRESENTATION
0001628280-20-014591,CLINICAL
0001628280-20-014034,OTHER
0001628280-20-013690,CLINICAL
0001628280-20-013580,PRESENTATION
0001628280-20-013539,PRESENTATION
0001628280-20-011606,PRESENTATION
0001628280-20-010960,PRESENTATION
0001628280-20-009534,OTHER
0001628280-20-009417,CLINICAL
0001628280-20-009155,OTHER
0001628280-20-008589,CLINICAL
0001628280-20-008504,REGULATORY
0001628280-20-008455,OTHER
0001628280-20-007644,OTHER
0001628280-20-006555,OTHER
0001628280-20-005682,CLINICAL
0001628280-20-005226,OTHER
0001628280-20-004781,PRESENTATION
0001628280-20-004445,PRESENTATION
0001628280-20-003017,OTHER
0001628280-20-001467,CLINICAL
0001628280-20-001027,PRESENTATION
0001628280-20-000651,OTHER
0001628280-20-000533,CLINICAL
0001628280-20-000403,CLINICAL
0001628280-19-014850,CLINICAL
0001628280-19-014717,OTHER
0001628280-19-014171,CLINICAL
0001628280-19-013431,PRESENTATION
0001193125-19-276277,OTHER
0001628280-19-012452,CLINICAL
0001628280-19-012088,OTHER
0001628280-19-012043,CLINICAL
0001628280-19-011995,CLINICAL
0001104659-19-050671,CLINICAL
0001628280-19-011354,PRESENTATION
0001628280-19-011171,CLINICAL
0001104659-19-046145,PRESENTATION
0001104659-19-041217,PRESENTATION
0001104659-19-039671,OTHER
0001104659-19-032992,PRESENTATION
0001104659-19-031363,OTHER
0001104659-19-023054,OTHER
0001104659-19-020072,OTHER
0001193125-19-095338,CLINICAL
0001193125-19-094145,CLINICAL
0001193125-19-073028,OTHER
0001193125-19-071578,OTHER
0001193125-19-056253,PRESENTATION
0001193125-19-044909,OTHER
0001193125-19-039699,CLINICAL
0001193125-19-024055,OTHER
0001193125-19-021144,REGULATORY
0001193125-19-014479,OTHER
0001193125-19-009824,OTHER
0001193125-22-095275,OTHER
0001193125-21-165299,OTHER
0001193125-21-150688,OTHER
0001193125-21-023589,OTHER
0001193125-21-006833,OTHER
0000950170-25-076911,OTHER
0001193125-24-084736,OTHER
0001193125-25-171747,OTHER
0001193125-25-163990,OTHER
0001193125-25-162584,OTHER
0001193125-25-159400,OTHER
0001193125-25-157867,OTHER
0000950170-23-061519,CLINICAL
0001193125-22-096765,OTHER
0000950170-25-109234,OTHER
0000950170-25-107416,OTHER
0000950170-25-105474,OTHER
0000950170-25-063967,OTHER
0000950170-24-132874,OTHER
0001193125-24-013587,REGULATORY
0001193125-23-302150,REGULATORY
0000950170-23-007473,REGULATORY
0000950170-23-006139,OTHER
0000950170-22-027082,REGULATORY
0001564590-22-031836,REGULATORY
0001564590-22-010729,REGULATORY
0001564590-21-059819,REGULATORY
0001564590-21-057541,REGULATORY
0001564590-21-049889,REGULATORY
0001564590-21-027241,REGULATORY
0001564590-20-053742,REGULATORY
0001564590-20-044749,REGULATORY
0001564590-20-042727,REGULATORY
0001564590-20-033338,REGULATORY
0001564590-20-032445,OTHER
0001564590-20-031058,REGULATORY
0001564590-20-025913,REGULATORY
0001564590-20-005303,REGULATORY
0001564590-19-045076,REGULATORY
0001564590-19-038027,REGULATORY
0001564590-19-037287,REGULATORY
0001564590-19-036000,REGULATORY
0001193125-19-195218,OTHER
0001193125-19-130962,REGULATORY
0001193125-19-093695,REGULATORY
0001193125-19-070125,CLINICAL
0001193125-19-051944,REGULATORY
0001193125-19-001151,CLINICAL
0001193125-25-202865,CLINICAL
0000950170-24-085058,OTHER
0000950170-24-065899,OTHER
0000950170-23-047360,CLINICAL
0000950170-23-002384,OTHER
0000950170-23-001836,OTHER
0000950170-22-016670,REGULATORY
0001564590-22-020476,PRESENTATION
0001564590-21-048145,OTHER
0001564590-21-047679,CLINICAL
0001564590-21-023319,OTHER
0001564590-21-013011,CLINICAL
0001564590-21-005005,OTHER
0001564590-21-001138,OTHER
0001564590-21-000167,CLINICAL
0001564590-20-026385,OTHER
0001564590-20-017579,REGULATORY
0001564590-19-045783,CLINICAL
0001564590-19-024170,OTHER
0001564590-19-024064,OTHER
0001564590-19-011319,OTHER
0001193125-25-258474,OTHER
0001140361-25-026773,OTHER
0000929638-24-002259,OTHER
0000950170-24-017875,OTHER
0000950170-23-069381,CLINICAL
0001193125-23-191945,OTHER
0001193125-23-189610,OTHER
0001193125-23-188930,OTHER
0001193125-23-188090,OTHER
0001193125-23-186570,OTHER
0001193125-23-183853,OTHER
0001193125-23-182031,OTHER
0001193125-23-178569,OTHER
0001193125-23-176628,OTHER
0001193125-23-158451,OTHER
0001193125-23-156923,OTHER
0001193125-23-102213,OTHER
0001193125-22-301019,REGULATORY
0001193125-22-084277,REGULATORY
0001193125-21-349142,OTHER
0001193125-21-342891,CLINICAL
0001193125-21-189193,PRESENTATION
0001193125-21-144939,OTHER
0001193125-21-114670,PRESENTATION
0001193125-20-290299,OTHER
0001193125-20-185881,CLINICAL
0001193125-20-106585,OTHER
0001193125-20-105808,OTHER
0001193125-19-316554,OTHER
0001193125-19-189160,OTHER
0001193125-19-164088,CLINICAL
0001193125-25-269526,OTHER
0001193125-25-046225,OTHER
0001193125-24-283105,OTHER
0001193125-24-248761,OTHER
0001193125-24-247643,OTHER
0001193125-24-081584,OTHER
0001193125-23-268948,CLINICAL
0001193125-23-210794,OTHER
0001193125-23-137097,OTHER
0001193125-23-076714,OTHER
0001193125-23-071452,OTHER
0001193125-23-059999,OTHER
0001193125-22-290485,OTHER
0001193125-22-290244,OTHER
0001213900-25-120759,OTHER
0001213900-25-048276,OTHER
0001213900-24-102121,OTHER
0001213900-24-075772,REGULATORY
0001213900-24-014985,OTHER
0001213900-24-014542,OTHER
0001213900-24-004669,REGULATORY
0001213900-23-040917,OTHER
0001019056-22-000518,OTHER
0001019056-22-000516,OTHER
0001019056-22-000371,OTHER
0001019056-22-000321,OTHER
0001019056-22-000236,OTHER
0001019056-22-000180,OTHER
0001019056-22-000025,OTHER
0001019056-21-000626,OTHER
0001019056-21-000620,OTHER
0001019056-21-000475,OTHER
0001019056-21-000212,PRESENTATION
0001493152-25-011402,OTHER
0001641172-25-020295,OTHER
0001641172-25-016374,OTHER
0001641172-25-003887,OTHER
0001493152-23-030659,OTHER
0001493152-23-002389,OTHER
0001493152-22-034410,OTHER
0001401914-22-000079,PRESENTATION
0001493152-22-018820,OTHER
0001401914-22-000054,PRESENTATION
0001401914-22-000015,PRESENTATION
0001401914-22-000012,PRESENTATION
0001401914-22-000003,PRESENTATION
0001401914-21-000144,PRESENTATION
0001401914-21-000140,REGULATORY
0001401914-21-000125,PRESENTATION
0001401914-21-000122,PRESENTATION
0001401914-21-000106,PRESENTATION
0001401914-21-000085,PRESENTATION
0001401914-21-000061,PRESENTATION
0001401914-21-000030,PRESENTATION
0001401914-21-000026,PRESENTATION
0001401914-21-000017,PRESENTATION
0001401914-20-000126,PRESENTATION
0001401914-20-000122,PRESENTATION
0001401914-20-000114,PRESENTATION
0001401914-20-000109,PRESENTATION
0001401914-20-000081,PRESENTATION
0001401914-20-000054,PRESENTATION
0001401914-20-000038,PRESENTATION
0001401914-20-000022,PRESENTATION
0001401914-20-000020,OTHER
0001401914-20-000018,OTHER
0001401914-20-000012,OTHER
0001401914-20-000003,PRESENTATION
0001401914-19-000086,PRESENTATION
0001401914-19-000084,PRESENTATION
0001401914-19-000074,PRESENTATION
0001401914-19-000058,PRESENTATION
0001401914-19-000050,PRESENTATION
0001401914-19-000034,OTHER
0001401914-19-000032,OTHER
0001401914-19-000029,OTHER
0001401914-19-000023,OTHER
0001401914-19-000017,OTHER
0001401914-19-000008,PRESENTATION
0001401914-19-000006,PRESENTATION
0001401914-19-000003,PRESENTATION
0001564590-19-000281,PRESENTATION
0001140361-25-035286,OTHER
0001140361-24-018645,OTHER
0001140361-23-011289,OTHER
0001140361-23-004345,OTHER
0001140361-22-043393,PRESENTATION
0001411690-21-000029,OTHER
0001411690-21-000022,OTHER
0001411690-21-000012,OTHER
0001140361-21-009777,OTHER
0001411690-21-000002,OTHER
0001140361-21-001667,OTHER
0001140361-21-001495,OTHER
0001140361-21-000749,OTHER
0001140361-21-000504,OTHER
0001140361-21-000003,OTHER
0001140361-20-019070,OTHER
0001140361-20-018910,OTHER
0001140361-20-018395,OTHER
0001140361-20-011663,OTHER
0001140361-20-008106,OTHER
0001140361-20-001848,OTHER
0001140361-19-018941,OTHER
0001140361-19-016942,OTHER
0001193125-19-017154,OTHER
0001372514-24-000099,REGULATORY
0001372514-24-000057,OTHER
0001372514-23-000129,OTHER
0001372514-23-000125,OTHER
0001372514-23-000101,OTHER
0001372514-23-000097,OTHER
0001372514-23-000057,CLINICAL
0001372514-23-000010,REGULATORY
0001372514-23-000008,OTHER
0001104659-23-000363,OTHER
0001104659-22-120486,OTHER
0001104659-22-108263,OTHER
0001104659-22-102816,OTHER
0001104659-22-100852,OTHER
0001104659-22-082802,OTHER
0001104659-21-149386,CLINICAL
0001104659-21-135333,PRESENTATION
0001104659-21-102512,OTHER
0001104659-21-009669,OTHER
0001104659-21-001243,OTHER
0001104659-20-137679,OTHER
0001104659-20-040798,CLINICAL
0001104659-19-077311,OTHER
0001104659-19-073250,CLINICAL
0001104659-19-068757,CLINICAL
0001104659-19-066395,CLINICAL
0001144204-19-046375,OTHER
0001144204-19-045543,OTHER
0001144204-19-042362,OTHER
0001144204-19-025771,OTHER
0001516551-24-000093,OTHER
0001516551-24-000059,CLINICAL
0001516551-24-000034,OTHER
0001516551-24-000008,OTHER
0001516551-23-000079,OTHER
0001516551-23-000020,OTHER
0001516551-23-000018,OTHER
0001516551-22-000010,OTHER
0001516551-21-000031,OTHER
0001516551-21-000017,OTHER
0001516551-21-000015,OTHER
0001640334-21-002419,OTHER
0001628280-21-018623,OTHER
0001640334-21-001671,OTHER
0001640334-20-002056,OTHER
0001640334-20-001960,OTHER
0001640334-19-002653,OTHER
0001640334-19-002436,OTHER
0001640334-19-001741,OTHER
0001640334-19-000432,OTHER
0001493152-25-023933,OTHER
0001641172-25-006009,OTHER
0001641172-25-002087,OTHER
0001641172-25-001751,OTHER
0001493152-24-034451,OTHER
0001493152-24-021456,OTHER
0001493152-24-018482,OTHER
0001493152-24-006773,OTHER
0001493152-23-046578,OTHER
0001493152-23-045413,OTHER
0001493152-23-021113,OTHER
0001493152-23-019987,OTHER
0001493152-23-017038,OTHER
0001493152-23-003873,OTHER
0001493152-23-001811,PRESENTATION
0001493152-22-034836,OTHER
0001493152-22-031763,REGULATORY
0001193125-20-061642,OTHER
0001193125-20-026122,OTHER
0001493152-25-029364,OTHER
0001493152-25-021255,OTHER
0001493152-25-013815,CLINICAL
0001493152-25-012952,OTHER
0001641172-25-025405,OTHER
0001654954-25-000681,OTHER
0001654954-24-012031,OTHER
0001654954-24-009903,OTHER
0001654954-24-007369,OTHER
0001654954-24-006312,OTHER
0001654954-23-003722,OTHER
0001654954-22-016569,OTHER
0001654954-22-007063,OTHER
0001654954-22-005375,OTHER
0001654954-22-002423,REGULATORY
0001654954-22-001134,REGULATORY
0001193125-25-337078,OTHER
0001193125-25-211305,OTHER
0000950170-24-061616,OTHER
0000950170-24-013807,OTHER
0001193125-23-288019,PRESENTATION
0001193125-22-277328,CLINICAL
0000950170-25-022630,OTHER
0000950170-24-130576,OTHER
0001510964-22-000051,OTHER
0001510964-22-000008,OTHER
0001510964-21-000075,OTHER
0001510964-20-000082,OTHER
0001510964-20-000045,OTHER
0001510964-19-000052,OTHER
0001510964-19-000036,OTHER
0001510964-19-000011,OTHER
0001193125-25-306915,CLINICAL
0001193125-25-203750,OTHER
0001810560-25-000006,CLINICAL
0000950170-25-094789,OTHER
0000950170-25-081604,OTHER
0000950170-25-078340,OTHER
0000950170-25-040294,CLINICAL
0000950170-25-025626,OTHER
0000950170-25-017882,PRESENTATION
0000950170-25-007303,CLINICAL
0000950170-25-002828,OTHER
0000950170-24-135895,OTHER
0000950170-24-134064,REGULATORY
0000950170-24-109998,CLINICAL
0000950170-24-100550,OTHER
0000950170-24-089966,OTHER
0000950170-24-076761,OTHER
0000950170-24-012748,OTHER
0000950170-23-003213,OTHER
0000950170-23-000608,OTHER
0000950170-22-013698,OTHER
0001213900-21-065969,OTHER
0001213900-21-062013,OTHER
0001213900-21-053548,OTHER
0001213900-21-049595,OTHER
0001213900-21-030290,OTHER
0001213900-20-036166,OTHER
0001213900-20-031128,OTHER
0001193125-20-141404,OTHER
0001564590-20-019252,OTHER
0001564590-20-014239,OTHER
0001628280-25-056751,OTHER
0001824293-25-000167,CLINICAL
0001824293-25-000160,CLINICAL
0001824293-25-000094,CLINICAL
0001824293-25-000079,OTHER
0001824293-25-000063,OTHER
0001628280-25-016066,OTHER
0001824293-25-000042,OTHER
0001824293-24-000159,OTHER
0001824293-24-000143,OTHER
0001824293-24-000141,OTHER
0001824293-24-000094,OTHER
0001824293-24-000084,OTHER
0001824293-24-000078,OTHER
0001628280-24-030244,OTHER
0001824293-24-000060,OTHER
0001628280-24-003067,OTHER
0001824293-24-000023,OTHER
0001824293-23-000179,PRESENTATION
0001824293-23-000177,REGULATORY
0001824293-23-000159,OTHER
0001824293-23-000116,PRESENTATION
0001824293-23-000073,OTHER
0001824293-23-000065,OTHER
0001824293-23-000062,OTHER
0001824293-23-000056,OTHER
0001824293-23-000043,OTHER
0001824293-23-000033,OTHER
0001824293-23-000010,PRESENTATION
0001628280-22-031808,OTHER
0001824293-22-000039,OTHER
0001628280-22-014382,OTHER
0001824293-22-000036,CLINICAL
0001824293-22-000024,OTHER
0001824293-22-000019,CLINICAL
0001824293-21-000024,CLINICAL
0001824293-21-000018,OTHER
0001824293-21-000013,OTHER
0001104659-21-049886,PRESENTATION
0001104659-21-022369,OTHER
0000950170-25-063979,OTHER
0000950170-25-044801,OTHER
0000950170-25-034181,OTHER
0000950170-25-026097,OTHER
0000950170-24-058805,OTHER
0000950170-24-046879,OTHER
0000950170-23-073581,OTHER
0001564590-22-031015,OTHER
0001193125-21-276145,OTHER
0001564590-20-040374,OTHER
0001564590-20-015914,OTHER
0001564590-20-014668,OTHER
0001564590-20-013657,OTHER
0001193125-20-080822,OTHER
0001193125-19-325309,OTHER
0001193125-19-314613,OTHER
0001564590-19-036322,OTHER
0001564590-19-029710,OTHER
0001641172-25-025273,OTHER
0001641172-25-001969,OTHER
0001493152-25-004887,OTHER
0001493152-25-001711,OTHER
0001493152-24-046330,OTHER
0001493152-24-042406,OTHER
0001493152-24-033215,OTHER
0001493152-24-005808,OTHER
0001193125-23-232609,OTHER
0001193125-23-222968,OTHER
0001193125-23-220122,OTHER
0001193125-23-218005,OTHER
0001193125-23-216394,OTHER
0001193125-23-169071,OTHER
0001193125-22-305908,OTHER
0001193125-22-242078,OTHER
0001193125-21-311401,OTHER
0001193125-21-277439,OTHER
0001193125-21-273980,OTHER
0001640334-25-001680,OTHER
0001640334-25-001617,CLINICAL
0001640334-25-001184,OTHER
0001640334-25-001046,OTHER
0001640334-22-001896,OTHER
0001640334-22-001683,CLINICAL
0001640334-22-000506,OTHER
0001640334-22-000444,OTHER
0001640334-21-000356,OTHER
0001640334-20-002559,OTHER
0001640334-20-001760,OTHER
0001640334-20-001606,OTHER
0001640334-20-000210,OTHER
0001640334-19-001230,OTHER
0001640334-19-000730,OTHER
0001640334-19-000362,OTHER
0001683168-25-008001,OTHER
0001683168-25-006917,OTHER
0001683168-25-006788,OTHER
0001683168-25-004248,OTHER
0001683168-24-008868,OTHER
0001683168-24-007858,OTHER
0001683168-24-006522,REGULATORY
0001683168-24-005445,REGULATORY
0001683168-24-003812,OTHER
0001683168-24-003612,OTHER
0001683168-24-003191,OTHER
0001683168-24-002672,PRESENTATION
0001683168-23-006959,OTHER
0001683168-23-002609,OTHER
0001683168-22-006679,OTHER
0001683168-22-006676,OTHER
0001683168-22-006480,OTHER
0001683168-21-002493,OTHER
0001683168-20-003665,OTHER
0001683168-20-000188,OTHER
0001683168-19-004031,OTHER
0001683168-19-003245,OTHER
0001683168-19-003151,OTHER
0001683168-19-003033,PRESENTATION
0001683168-19-001084,OTHER
0001493152-24-051174,OTHER
0001493152-24-028352,OTHER
0001493152-24-009063,OTHER
0001493152-23-033841,OTHER
0001493152-23-015641,REGULATORY
0001618835-23-000018,OTHER
0001618835-23-000016,OTHER
0001618835-23-000012,OTHER
0001618835-23-000005,OTHER
0001618835-23-000004,OTHER
0001618835-23-000003,OTHER
0001618835-22-000212,OTHER
0001618835-22-000196,CLINICAL
0001618835-22-000172,OTHER
0001618835-22-000138,OTHER
0001618835-22-000125,OTHER
0001618835-22-000097,OTHER
0001618835-22-000088,OTHER
0001618835-21-000252,OTHER
0001618835-21-000248,OTHER
0001618835-21-000215,OTHER
0001618835-21-000212,OTHER
0001618835-21-000127,OTHER
0001618835-21-000075,OTHER
0001618835-20-000226,OTHER
0001618835-20-000178,OTHER
0001618835-20-000169,PRESENTATION
0001618835-20-000149,REGULATORY
0001618835-20-000084,OTHER
0001618835-20-000081,OTHER
0001618835-20-000057,OTHER
0001618835-19-000208,CLINICAL
0001618835-19-000192,REGULATORY
0001618835-19-000114,OTHER
0001618835-19-000058,OTHER
0001618835-19-000003,CLINICAL
0001078782-20-000333,OTHER
0001078782-20-000203,OTHER
