row,accession,name,filing_date,headline,my_label
1,0001096906-22-002280,"AXIM BIOTECHNOLOGIES, INC.",2022-09-19,"EX-99.1 3 axim_ex99z1.htm PRESS RELEASE Ex. 99.1 AXIM ® Biotechnologies Signs Commercialization Agreement W ith Leading Healthcare Solutions Company for Global Distribution , Sales of Ophthalmic Diagnostics Solutions Company to Sell, Distribute AXIM’",Others
2,0001683168-24-005697,AETHLON MEDICAL INC,2024-08-14,"Aethlon Medical Announces Financial Results for the Fiscal First Quarter Ended June 30, 2024 and Provides Corporate Update Received Two Australian Ethics Committee Approvals for a Safety, Feasibility, and Dose Finding Study of Aethlon’s Hemopurifier®",Others
3,0001564590-21-005752,"Equillium, Inc.",2021-02-12,"John Koreth, Alison W. Loren, Ryotaro Nakamura, Marco Mielcarek, Trent Wang, George L. Chen, Sarah Anand, Joseph A. Pidala, Edmund K. Waller, Gabrielle Meyers, Daanish Hoda, Mark Schroeder, Jeremy Pantin, Nosha Farhadfar, Cherie Ng, Lisette M. Aceved",Others
4,0001104659-24-071445,Zura Bio Ltd,2024-06-14,Exhibit 99.1 Zura Bio Presents Data for the Tibulizumab (ZB-106) Program at EULAR 2024 Tibulizumab (ZB-106) was well tolerated and neutralized IL-17A and BAFF in a Phase 1 study in patients with Sjogren’s syndrome Preclinical data demonstrating the p,Clinical
5,0001493152-22-017652,"Dare Bioscience, Inc.",2022-06-24,"Daré Bioscience Announces Partial Adjournment of Annual Meeting of Stockholders to July 14, 2022 Meeting to be reconvened solely with respect to Proposal 5 SAN DIEGO, June 24, 2022 (GLOBE NEWSWIRE) – Daré Bioscience, Inc. (NASDAQ: DARE), a leader in ",Others
6,0001019056-21-000508,"Modular Medical, Inc.",2021-09-30,"Exhibit 99.1 Investor Presentation. OTCQB:MODD Forward Looking Statements, Other Disclaimers. THIS SUMMARY IS PROVIDED ON A CONFIDENTIAL AND LIMITED BASIS, SOLELY FOR YOUR USE AS A PART OF YOUR DETERMINATION OF WHETHER TO INVEST IN THE OPPORTUNITY. T",Presentation
7,0001493152-23-046056,"Dare Bioscience, Inc.",2023-12-26,"Daré Bioscience Secures $12 million in Royalty-backed Investment Structure $5 million at closing and up to $7 million of additional committed funding SAN DIEGO, December, 26, 2023 – Daré Bioscience, Inc. (NASDAQ: DARE), a leader in women’s health inn",Others
8,0001370053-19-000035,"ANAPTYSBIO, INC",2019-09-30,"Regulation FD. On September 30, 2019, AnaptysBio, Inc. (“AnaptysBio”) issued a press release announcing topline data from an interim analysis of AnaptysBio’s ongoing ANB019 Phase 2 trial in generalized pustular psoriasis (GPP). A copy of the press re",Clinical
9,0001104659-25-064427,Zura Bio Ltd,2025-07-01,"Exhibit 99.1 Zura Bio Announces Chief Financial Officer Transition HENDERSON, NV - (BUSINESS WIRE) – July 1, 2025 - Zura Bio Limited (Nasdaq: ZURA) (“Zura Bio”), a clinical-stage, multi-asset immunology company developing novel dual-pathway antibodie",Others
10,0001564590-21-001687,"HERON THERAPEUTICS, INC. /DE/",2021-01-21,"Regulation FD Disclosure. On January 21, 2021, Heron Therapeutics, Inc. issued a press release announcing that the results from an EPOCH 1 follow-on study (NCT03718039) of the investigational agent HTX-011 in bunionectomy, have been published online,",Clinical
11,0001725160-24-000177,"Zentalis Pharmaceuticals, Inc.",2024-11-13,"Departure of Directors or Certain Officers; Election of Directors; Appointment of Certain Officers; Compensatory Arrangements of Certain Officers. Chief Executive Officer Transition On November 12, 2024, the Board of Directors (the “Board”) of Zental",Others
12,0000950170-24-062739,"Lite Strategy, Inc.",2024-05-21,"EX-99.1 2 meip-ex99_1.htm EX-99.1 NASDAQ: MEIP Corporate Overview Novel drug candidates to address known resistance mechanisms to standard-of-care cancer therapies May 21, 2024 Forward Looking Statements Certain information contained in this communic",Others
13,0001618835-22-000128,"Evofem Biosciences, Inc.",2022-05-26,"Regulation FD Disclosure. Evofem Biosciences, Inc. (the “Company”) from time to time presents and/or distributes to the investment community at various industry and other conferences slide presentations to provide updates and summaries of its busines",Presentation
14,0001493152-23-037290,"Dare Bioscience, Inc.",2023-10-16,"Daré Bioscience Announces Achievement of First Commercial Milestone Under License Agreement for XACIATO™ (Clindamycin Phosphate) Vaginal Gel, 2%, FDA-Approved Treatment for Bacterial Vaginosis in Females 12 Years or Older Daré to receive $1.8 million",Others
15,0001193125-21-182190,"ImmunityBio, Inc.",2021-06-04,"EX-99.1 2 d155914dex991.htm EX-99.1 EX-99.1 A Leading Immunotherapy Biotech Company Broad Late-Stage Clinical Platform of Antibody Cytokine Fusion Proteins, Albumin-Linked Chemo-Immunomodulators, Vaccine Vectors and Natural Killer cells NASDAQ:IBRX J",Others
16,0001618835-22-000112,"Evofem Biosciences, Inc.",2022-05-12,"Regulation FD Disclosure. Evofem Biosciences, Inc. (the “Company”) from time to time presents and/or distributes to the investment community at various industry and other conferences slide presentations to provide updates and summaries of its busines",Presentation
17,0001493152-24-028818,"Evofem Biosciences, Inc.",2024-07-23,Evofem Signs Phexxi ® License Agreement for Middle East with Pharma 1 — Pharma 1 anticipates filing UAE regulatory submission for Phexxi as a hormone-free contraceptive in Q3 2024 — — UAE contraceptive drug market is projected to reach $185.1 million,Others
18,0001193125-22-042967,"ImmunityBio, Inc.",2022-02-15,"ImmunityBio Completes Acquisition of Athenex’s Interest in Dunkirk, New York Advanced Biotech Manufacturing Facility 409,000 square foot, state-of-the-art facility expands capabilities for large-scale manufacture of vaccine and immunotherapy product ",Others
19,0001618835-21-000049,"Evofem Biosciences, Inc.",2021-03-08,"Regulation FD Disclosure. On March 4, 2021, Evofem Biosciences, Inc. (the ""Company"") held a telephonic conference call to report its financial results for the three- and twelve-month periods ended December 31, 2020. The transcript of the conference c",Others
20,0001140361-25-000292,"GYRE THERAPEUTICS, INC.",2025-01-06,"Exhibit 99.1 Gyre Therapeutics Announces the Appointment of Ping Zhang to Board of Directors SAN DIEGO, January 6, 2025 (GLOBE NEWSWIRE) – Gyre Therapeutics (“Gyre”) (Nasdaq: GYRE), a self-sustainable, commercial-stage biotechnology company with clin",Others
21,0001725160-24-000161,"Zentalis Pharmaceuticals, Inc.",2024-09-16,"Regulation FD Disclosure. On September 16, 2024, Zentalis Pharmaceuticals, Inc. (the “Company”) issued the press release furnished as Exhibit 99.1 to this Current Report on Form 8-K (this “Current Report”) and incorporated herein by reference. The in",Others
22,0001193125-24-135721,"ARS Pharmaceuticals, Inc.",2024-05-10,EX-99.1 2 d820291dex991.htm EX-99.1 EX-99.1 ARS Corporate Presentation Q2 2024 Exhibit 99.1 Forward Looking Statements Statements in this presentation that are not purely historical in nature are “forward-looking statements” within the meaning of the,Presentation
23,0001193125-24-148112,"ImageneBio, Inc.",2024-05-28,Ikena Oncology Announces Strategic Update Ikena to discontinue development of IK-930 IK-595 dose escalation continues in RAS and RAF mutant cancers; Encouraging PK and PD profile shown to date Ended first quarter with $157.3 million; Exploring strate,Others
24,0001564590-19-018969,"Gossamer Bio, Inc.",2019-05-14,"Gossamer Bio Announces First Quarter 2019 Financial Results – Multiple trial initiations and data readouts expected in the next 12 months – – Company to host conference call today at 8:30 a.m. ET – SAN DIEGO, Calif., May 14, 2019 – Gossamer Bio, Inc.",Others
25,0001411690-25-000008,"Bionano Genomics, Inc.",2025-01-27,"Material Modification to Rights of Security Holders. (a) On January 24, 2025, Bionano Genomics, Inc. (the “ Company ”) filed a Certificate of Amendment to its Amended and Restated Certificate of Incorporation, as amended (the “ Restated Certificate ”",Others
26,0000950170-22-001894,"PALISADE BIO, INC.",2022-02-24,EX-99.1 2 pali-ex99_1.htm EX-99.1 Restoring Intestinal Barrier Health Corporate Presentation | February 2022 PALI (NASDAQ) | palisadebio.com Forward Looking Statements Statements in this presentation that are not statements of historical fact are for,Presentation
27,0000950170-22-012381,FATE THERAPEUTICS INC,2022-06-30,"EX-99.1 2 fate-ex99_1.htm EX-99.1 EX-99.1 Fate Therapeutics Announces Expansion of Solid Tumor Collaboration with ONO Pharmaceutical for Off-the-Shelf, iPSC-derived CAR NK and CAR T-Cell Cancer Immunotherapies ONO to Contribute Novel Binding Domains ",Others
28,0001159036-22-000002,"HALOZYME THERAPEUTICS, INC.",2022-01-10,EX-99.1 2 ex991halozyme_2022xoutlook.htm EX-99.1 Document HALOZYME PROVIDES 2022 FINANCIAL GUIDANCE AND OUTLOOK – 2022 Revenue Guidance of $530 to $560 Million Representing 23-26% Growth over Expected 2021 Revenue – – 2022 Recurring Revenue from Roya,Others
29,0001564590-20-047499,"Crinetics Pharmaceuticals, Inc.",2020-10-26,"EX-99.1 2 crnx-ex991_6.htm EX-99.1 crnx-ex991_6.pptx.htm Topline Results from the Acrobat Phase 2 program in Acromegaly October 26, 2020 Exhibit 99.1 This presentation contains forward-looking statements. All statements other than statements of histo",Clinical
30,0001516551-23-000046,"Skye Bioscience, Inc.",2023-08-21,EX-99.1 10 ex991-pressrelease.htm EX-99.1 Document Skye Completes $17M Financing and Acquires Novel Phase 2-Ready CB1-Inhibiting Monoclonal Antibody Acquisition of Bird Rock Bio builds Skye’s position as a leading endocannabinoid system-focused pharm,Others
31,0001683168-25-006360,AETHLON MEDICAL INC,2025-08-21,"Regulation FD Disclosures. On August 20, 2025, Aethlon Medical, Inc. (the “Company”) made available an updated corporate presentation (the “Presentation”) that may be used by the Company in connection with presentations at conferences and investor me",Presentation
32,0001493152-23-038596,"Calidi Biotherapeutics, Inc.",2023-10-30,"Entry into a Material Definitive Agreement On October 25, 2023, the Company entered into an employment agreement with Andrew Jackson (“Employment Agreement”) to serve as Chief Financial Officer effective October 30, 2023 (“Effective Date”). Employmen",Others
33,0001213900-20-000519,"Ensysce Biosciences, Inc.",2020-01-08,"GAGNIER COMMUNICATIONS Moderator: Lindsay Barber 01-07-20/4:15 p.m. ET Confirmation # 7934997 Page 1 GAGNIER COMMUNICATIONS Moderator: Lindsay Barber January 07, 2020 4:15 p.m. ET OPERATOR: This is Conference # 7934997 Operator: Good morning and welc",Others
34,0001558370-24-013207,"CAPRICOR THERAPEUTICS, INC.",2024-10-09,​ Capricor Therapeutics Announces Initiation of Rolling Submission of Biologics License Application (BLA) with U.S. FDA for Deramiocel for the Treatment of Duchenne Muscular Dystrophy ​ -Company Plans to Complete Rolling BLA Submission by End of 2024,Regulatory
35,0001654954-23-014015,"Dermata Therapeutics, Inc.",2023-11-09,Dermata Therapeutics Provides Corporate Update and Reports Third Quarter 2023 Financial Results - Raised an aggregate of $6.8 million in gross proceeds from two financings completed in 1H 2023 - - Received positive feedback from FDA on its End of Pha,Others
36,0001193125-25-256300,"HERON THERAPEUTICS, INC. /DE/",2025-10-29,"Heron Therapeutics Announces Appointment of Thomas Cusack to Board of Directors CARY, N.C., Oct. 29, 2025 (GLOBE NEWSWIRE) -- Heron Therapeutics, Inc. (Nasdaq: HRTX) (“Heron” or the Company”), a commercial-stage biotechnology company, today announced",Others
37,0001493152-25-001567,"Calidi Biotherapeutics, Inc.",2025-01-10,"Entry into a Material Definitive Agreement. On January 9, 2025, Calidi Biotherapeutics, Inc. (the “Company”) entered into a Placement Agency Agreement (the “Agreement”) with Ladenburg Thalmann & Co. Inc. (the “Placement Agent”), pursuant to which the",Others
38,0001493152-23-038049,"Ensysce Biosciences, Inc.",2023-10-24,"Ensysce Biosciences Secures $1.7 Million Convertible Note Financing ~ Additional Funding from Investor Cohort Validates Company’s Mission ~ SAN DIEGO, CA, October 24, 2023 — Ensysce Biosciences, Inc. (“Ensysce” or the “Company”) (NASDAQ: ENSC), a cli",Others
39,0001510964-22-000085,"CV Sciences, Inc.",2022-11-14,"Results of Operations and Financial Conditions The information provided below in ""Item 7.01 - Regulation FD Disclosure"" of this Current Report on Form 8-K is incorporated by reference into this Item 2.02. Item 7.01 Regulation FD Disclosure On Novembe",Others
40,0001370053-25-000091,"ANAPTYSBIO, INC",2025-11-10,"Regulation FD. On November 10, 2025, AnaptysBio, Inc. (“AnaptysBio”) updated its corporate investor presentation, a full copy of which is attached hereto as Exhibit 99.1. The information in this Item 7.01, including Exhibit 99.1, shall not be deemed ",Presentation
41,0001078782-19-000021,"AXIM BIOTECHNOLOGIES, INC.",2019-01-08,"PRESS RELEASE Exhibit 99.1 Press Release AXIM® BIOTECHNOLOGIES APPOINTS NEW CHIEF EXECUTIVE OFFICER NEW YORK – January 8, 2019 – AXIM ® Biotechnologies, Inc. (“AXIM ® Biotech” or “AXIM”) (OTCQB: AXIM), a world leader in cannabinoid research and devel",Others
42,0001558370-24-013357,"CAPRICOR THERAPEUTICS, INC.",2024-10-17,"​ Capricor Therapeutics Announces Pricing of Approximately $75 Million Public Offering of Common Stock SAN DIEGO, Oct. 17, 2024 (GLOBE NEWSWIRE) -- Capricor Therapeutics (NASDAQ: CAPR), a biotechnology company developing transformative cell and exoso",Others
43,0001437749-25-029349,"Contineum Therapeutics, Inc.",2025-09-18,"Regulation FD Disclosure. On September 18, 2025, the Company issued a press release titled “Contineum Therapeutics Reports Positive Topline Data from Phase 1b Positron Emission Tomography (PET) Trial of PIPE-791.” A copy of the press release is furni",Clinical
44,0001140361-24-018181,"Bionano Genomics, Inc.",2024-04-05,"Exhibit 99.1 Bionano Announces $10 Million Registered Direct Offering Priced At-The-Market Under Nasdaq Rules SAN DIEGO, April 4, 2024 – Bionano Genomics, Inc. (Nasdaq: BNGO) today announced that it has entered into definitive agreements for the purc",Others
45,0001493152-23-020081,"Dare Bioscience, Inc.",2023-06-05,"Daré Bioscience Announces Positive Topline Data from the Exploratory Phase 2b RESPOND Study of Sildenafil Cream, 3.6% in Women with Female Sexual Arousal Disorder Sildenafil Cream-treated patients showed meaningful improvement in the co-primary endpo",Clinical
46,0001823239-24-000091,"MARAVAI LIFESCIENCES HOLDINGS, INC.",2024-07-29,"Maravai LifeSciences Appoints Trey Martin to Board of Directors Maravai announces the appointment of CEO Trey Martin to its Board of Directors, highlighting his leadership, commitment to innovation, and industry experience SAN DIEGO, July 29, 2024 - ",Others
47,0001193125-20-310114,"Equillium, Inc.",2020-12-04,"EX-99.1 2 d65522dex991.htm EX-99.1 EX-99.1 Virtual Investor / Analyst Day December 4, 2020 www.equilliumbio.com Exhibit 99.1 Safe Harbor Statement This presentation contains forward-looking statements about Equillium, Inc. (the “Company”). In some ca",Presentation
48,0001628280-24-007972,"Cardiff Oncology, Inc.",2024-02-29,"Results of Operations and Financial Conditions. On February 29, 2024, Cardiff Oncology, Inc. (the “Company”) issued a press release announcing company highlights and financial results for the fourth quarter and full year ended December 31, 2023. A co",Others
49,0001370053-21-000072,"ANAPTYSBIO, INC",2021-11-15,"Regulation FD. On November 15, 2021, AnaptysBio issued a press release announcing rosnilimab healthy volunteer phase 1 top-line data. A copy of the press release is furnished as Exhibit 99.1 to this report and incorporated herein by reference. The in",Clinical
50,0001104659-23-068333,Zura Bio Ltd,2023-06-06,"Exhibit 99.1 Zura Bio completes approximately $80 Million financing with the focus on advancing ZB-106, a potential first-in-class anti-IL-17 and anti-BAFF dual antagonist § Tibulizumab (ZB-106) was licensed from Eli Lilly and Company on April 26, 20",Others
51,0000950170-24-120902,"HERON THERAPEUTICS, INC. /DE/",2024-11-04,"Departure of Directors or Certain Officers; Election of Directors; Appointment of Certain Officers; Compensatory Arrangements of Certain Officers. On November 4, 2024, the Board of Directors (the “Board”) of Heron Therapeutics, Inc. (the “Company”) a",Others
52,0001213900-22-003972,"REVELATION BIOSCIENCES, INC.",2022-01-27,"Revelation Biosciences Raises $7.76 Million in Equity Financing San Diego, CA – January 24, 2022 – Revelation Biosciences Inc. (NASDAQ: REVB) (the “Company” or “Revelation”), a clinical-stage life sciences company that is focused on the development o",Others
53,0001564590-21-016669,"Equillium, Inc.",2021-03-30,Equillium Announces Favorable Data From Phase 1b EQUALISE Study in Systemic Lupus Erythematosus Patients Itolizumab administered subcutaneously was safe and well tolerated in patients with systemic lupus erythematosus Dose-dependent changes in pharma,Clinical
54,0000914475-25-000006,NEUROCRINE BIOSCIENCES INC,2025-01-27,Neurocrine Biosciences Announces Amendment to Strategic Collaboration with Takeda to Develop and Commercialize Osavampator (formerly NBI-1065845/TAK-653) - Neurocrine Obtains Exclusive Worldwide Development and Commercialization Rights Excluding Japa,Others
55,0001078782-19-000057,"AXIM BIOTECHNOLOGIES, INC.",2019-01-15,"Regulation FD Disclosure On January 15, 2019, Axim Biotechnologies, Inc. (“Axim”) posted an updated corporate slide presentation to its investor relations website, a copy of which is attached as Exhibit 99.1 to this Current Report on Form 8-K and is ",Presentation
56,0001493152-24-029384,"Calidi Biotherapeutics, Inc.",2024-07-29,"Calidi Biotherapeutics Announces Launch of Nova Cell Subsidiary and $3 Million Aggregate Investment from Dr. Ronald Rigor San Diego, Calif., July 29, 2024 —( GLOBE NEWSWIRE )— Calidi Biotherapeutics, Inc. (NYSE American: CLDI or “Calidi”), a clinical",Others
57,0001370053-25-000081,"ANAPTYSBIO, INC",2025-09-29,"Regulation FD. On September 29, 2025, AnaptysBio, Inc. (“AnaptysBio”) will host a conference call to discuss the potential separation of its business referred to and described under Item 8.01 below, and use a slide presentation in conjunction with th",Presentation
58,0001104659-24-000494,Zura Bio Ltd,2024-01-03,"Exhibit 99.1 Zura Bio to Present at the 42nd Annual J.P. Morgan Healthcare Conference and Dermatology Summit Henderson, Nev – January 3, 2024 - Zura Bio Limited (Nasdaq: ZURA) (“Zura Bio”), a multi-asset clinical-stage biotechnology company focused o",Presentation
59,0000950170-24-088609,"Alphatec Holdings, Inc.",2024-07-31,"ATEC Reports Second Quarter 2024 Financial Results And Raises Full-Year Guidance Surgical revenue grew 27% and drove total revenue growth of 25% to $146 million Full-year revenue and profitability guidance increased CARLSBAD, Calif., July 31, 2024 – ",Others
60,0001159036-20-000004,"HALOZYME THERAPEUTICS, INC.",2020-01-16,"Regulation FD Disclosure. On January 16, 2020, Halozyme Therapeutics, Inc., a Delaware corporation (“Halozyme”) presented at the annual JP Morgan Healthcare Conference to provide a corporate update on certain strategic programs and to provide financi",Presentation
61,0001193125-21-326102,"ImageneBio, Inc.",2021-11-10,"November 2021 Disclaimer This Presentation contains forward-looking statements and information. All statements other than statements of historical facts contained in this Presentation, including statements regarding our strategy, future financial con",Presentation
62,0000950170-23-071084,"Crinetics Pharmaceuticals, Inc.",2023-12-18,Crinetics Announces Positive Initial Findings from Ongoing Open-Label Phase 2 Study of Paltusotine for the Treatment of Carcinoid Syndrome Significant Reductions in Frequency and Intensity of Both Bowel Movements and Flushing Episodes Were Observed P,Clinical
63,0001564590-21-000713,aTYR PHARMA INC,2021-01-11,Forward Looking Statements The following slides and any accompanying oral presentation contain forward-looking statements within the meaning of the Private Securities Litigation Reform Act of 1995 and other federal securities laws. The use of words s,Presentation
64,0001654954-24-003500,"Dermata Therapeutics, Inc.",2024-03-21,Dermata Therapeutics Provides Corporate Update and Reports Full Year 2023 Financial Results - Initiated enrollment of DMT310 Phase 3 Spongilla Treatment of Acne Research (STAR-1) clinical trial in Q4 2023 - - Raised $9.1 million in gross proceeds fro,Others
65,0001510964-20-000072,"CV Sciences, Inc.",2020-11-05,"Results of Operations and Financial Conditions The information provided below in ""Item 7.01 - Regulation FD Disclosure"" of this Current Report on Form 8-K is incorporated by reference into this Item 2.02. Item 7.01 Regulation FD Disclosure On Novembe",Others
66,0001654954-23-003181,"Dermata Therapeutics, Inc.",2023-03-20,"Dermata Therapeutics Announces Pricing of $5.0 Million Public Offering San Diego, CA/ ACCESSWIRE/ March 16, 2023/ Dermata Therapeutics, Inc. (“Dermata,” or the “Company”) (Nasdaq: DRMA; DRMAW), a clinical-stage biotechnology company focusing on the t",Others
67,0000950170-21-000338,"Equillium, Inc.",2021-06-10,Equillium Presents Data on Target Engagement and Modulation of CD6 on T Cells with Itolizumab at the International Society for Advancement of Cytometry Whole blood and proteomic stabilized blood assay used to elicit clinical pharmacodynamic CD6 bioma,Clinical
68,0001193125-20-311281,"Equillium, Inc.",2020-12-07,Equillium Presents Translational Data Demonstrating Impact of Itolizumab on Effector T Cell Function at the 2020 American Society of Hematology Annual Meeting and Exposition Studies further support itolizumab’s potential as treatment for aGVHD patien,Clinical
69,0001618835-23-000015,"Evofem Biosciences, Inc.",2023-03-10,"Triggering Events That Accelerate or Increase a Direct Financial Obligation or an Obligation under an Off-Balance Sheet Arrangement On March 7, 2023, Baker Bros. Advisors, LP (the “Designated Agent”) provided a Notice of Event of Default and Reservat",Others
70,0001326110-24-000040,"ImmunityBio, Inc.",2024-04-23,"ImmunityBio Announces FDA Approval of ANKTIVA®, First-in-Class IL-15 Receptor Agonist for BCG-Unresponsive Non-Muscle Invasive Bladder Cancer • Designated an FDA Breakthrough Therapy, the novel immunotherapy ANKTIVA activates the body’s natural kille",Regulatory
71,0002007919-25-000089,"Inhibrx Biosciences, Inc.",2025-10-23,Inhibrx Biosciences Reports Positive Topline Results from its Registrational Trial of Ozekibart (INBRX-109) in Chondrosarcoma and Provides Updates on Colorectal Cancer and Ewing Sarcoma Expansion Cohorts – Ozekibart meets its primary endpoint in chon,Clinical
72,0001213900-19-027124,"Ensysce Biosciences, Inc.",2019-12-30,"GATEWAY CASINOS & ENTERTAINMENT LIMITED AND LEISURE ACQUISITION CORP. TO COMBINE IN TRANSACTION VALUED AT US$1.1 BILLION (C$1.5 BILLION) Leading Diversified Canadian Gaming and Entertainment Company, with 25 Properties Across British Columbia and Ont",Others
73,0001564590-20-046250,"Gossamer Bio, Inc.",2020-10-13,"Gossamer Bio Announces Topline Results for Phase 2 Trials of Oral GB001 in Asthma and Chronic Rhinosinusitis - Primary endpoint of asthma worsening not met in LEDA Study, however consistent numeric reductions ranging from 32-35% observed across all t",Clinical
74,0001193125-24-063785,"LENZ Therapeutics, Inc.",2024-03-08,"Graphite Bio Declares Special Dividend In Connection with Proposed Merger with Lenz Therapeutics Special dividend estimated to be $1.03 per share Payment of special dividend conditioned upon closing of merger SOUTH SAN FRANCISCO, CA – March 8, 2024 –",Others
75,0001725160-22-000199,"Zentalis Pharmaceuticals, Inc.",2022-11-09,"Results of Operations and Financial Condition. On November 9, 2022, Zentalis Pharmaceuticals, Inc. (the “Company”) announced its financial results for the quarter ended September 30, 2022 and commented on certain business updates. The full text of th",Others
76,0001193125-22-007333,"ImmunityBio, Inc.",2022-01-12,"NEWS RELEASE ImmunityBio Expands Manufacturing Capacity with State-of-the-Art Manufacturing Plant in New York for Global Pandemic Response and Preparedness • Over 400,000 square foot, state-of-the-art, finish-fill and lyophilization facility enables ",Others
77,0001193125-23-264201,"Alphatec Holdings, Inc.",2023-10-27,"ATEC Announces Pricing of Public Offering of Common Stock CARLSBAD, California, October 24, 2023 – Alphatec Holdings, Inc. (“ATEC”) (NASDAQ: ATEC), a provider of innovative solutions dedicated to revolutionizing the approach to spine surgery, today a",Others
78,0001104659-21-093483,Zura Bio Ltd,2021-07-19,"Exhibit 99.1 JATT Acquisition Corp Prices $120 Million Initial Public Offering New York, New York – July 14, 2021 – JATT Acquisition Corp (the “Company”), a newly organized blank check company formed as a Cayman Islands exempted company, today announ",Others
79,0001493152-23-044597,"Evofem Biosciences, Inc.",2023-12-12,"Aditxt, Inc. Enters into Definitive Agreement to Acquire Evofem Biosciences, Inc., Creator of Phexxi ® , the First and Only FDA-Approved Hormone-Free Contraceptive Gel, to Address Diverse Reproductive Health Needs of Women Globally Evofem posted $13.",Others
80,0001193125-19-221871,Arcturus Therapeutics Holdings Inc.,2019-08-15,"Arcturus Therapeutics Announces Second Quarter Financial Results and Provides a Corporate Update • Ultragenyx Pharmaceutical, Inc. expands collaboration, becoming Arcturus’ largest shareholder • Cystic Fibrosis Foundation increases commitment to $15 ",Others
81,0001078782-19-000366,"AXIM BIOTECHNOLOGIES, INC.",2019-04-23,"PRESS RELEASE, DATED APRIL 23, 2019 Exhibit 99.1 Press Release, dated April 23, 2019 Ex. 99.1 AXIM ® Biotechnologies, Inc. Nutraceutical Division Receives Purchase Order for 50,000 Boxes of the Company’s Proprietary CBD-Based Chewing Gum NEW YORK, Ap",Others
82,0001144204-19-047446,"CAPRICOR THERAPEUTICS, INC.",2019-10-07,Exhibit 99.1 A Study of CAP - 1002 in Ambulatory and Non - Ambulatory Patients with Duchenne Muscular Dystrophy [HOPE - 2] Updated Results from the Interim Analysis Presented at the 24 th International Annual Congress of the World Muscle Society 1 Oc,Clinical
83,0001193125-25-146905,"MARAVAI LIFESCIENCES HOLDINGS, INC.",2025-06-25,"Maravai LifeSciences Appoints Rajesh Asarpota as Chief Financial Officer SAN DIEGO, Calif., June 25, 2025 — Maravai LifeSciences Holdings, Inc. (NASDAQ: MRVI), a global provider of life science reagents and services to researchers and biotech innovat",Others
84,0001493152-24-017147,"Dare Bioscience, Inc.",2024-04-30,Daré Bioscience Secures $22 Million in Non-Dilutive Strategic Royalty Financing to Advance Phase 3 First-in-Category Women’s Health Product Candidates through Key Catalysts $22 million of non-dilutive capital at close provides significant capital to ,Others
85,0001516551-21-000009,"Skye Bioscience, Inc.",2021-09-30,"Regulation FD Disclosure. On September 29, 2021, Skye Bioscience, Inc. (the “Company”) issued a press release regarding the closing of a registered direct offering previously reported by the Company in a Current Report on Form 8-K filed on September ",Others
86,0001104659-24-119079,Zura Bio Ltd,2024-11-14,"Exhibit 99.1 Zura Bio Announces Submission of Protocol to U.S. Food and Drug Administration for the Phase 2 Study of Tibulizumab in Adults with Systemic Sclerosis HENDERSON, Nev. – (BUSINESS WIRE) – November 14, 2024 – Zura Bio Limited (Nasdaq: ZURA)",Regulatory
87,0001628280-24-012633,"LENZ Therapeutics, Inc.",2024-03-22,"EX-99.1 16 exhibit991-super8xk.htm EX-99.1 Document Report of Independent Registered Public Accounting Firm To the Shareholders and the Board of Directors of Lenz Therapeutics, Inc. Opinion on the Financial Statements We have audited the accompanying",Others
88,0001564590-20-018698,"Alphatec Holdings, Inc.",2020-04-27,ATEC Terminates Agreement to Acquire EOS Imaging ●Ongoing Impacts of COVID-19 Pandemic Constitute “Material Adverse Effect” ●Company Intends to Explore Other Strategic Collaborations with EOS ●Terminates Debt Commitment of up to $160 Million to Finan,Others
89,0001493152-24-005220,"Calidi Biotherapeutics, Inc.",2024-02-07,"Results of Operations and Financial Condition. In connection with the filing of Amendment No. 1 to Registration Statement on Form S-1 (Registration No. 333-276741) with the Securities and Exchange Commission on February 7, 2024 (the “Registration Sta",Others
90,0000950170-25-091613,"Crinetics Pharmaceuticals, Inc.",2025-06-30,"Crinetics to Showcase the Next Generation of Endocrinology Innovation at ENDO 2025 with Eight Presentations From its Deep Pipeline Long-term efficacy and safety data on PALSONIFY TM (paltusotine) in acromegaly to be presented, including evidence of b",Presentation
91,0001285550-23-000096,"ClearPoint Neuro, Inc.",2023-08-08,"Results of Operations and Financial Condition. On August 8, 2023, ClearPoint Neuro, Inc. (the “Company”) issued a press release announcing its financial performance for the second fiscal quarter ended June 30, 2023. A copy of the press release is fur",Others
92,0001193125-20-041309,"Ensysce Biosciences, Inc.",2020-02-19,EX-99.1 2 d883970dex991.htm EX-99.1 EX-99.1 Investor Presentation February 2020 Exhibit 99.1 Disclaimer GENERAL This presentation does not constitute an offer or invitation for the sale or purchase of securities and has been prepared solely for infor,Presentation
93,0001823239-24-000124,"MARAVAI LIFESCIENCES HOLDINGS, INC.",2024-12-05,"Maravai LifeSciences Appoints R. Andrew Eckert as Chairman of the Board of Directors Carl Hull to Retire as Executive Chairman SAN DIEGO, Calif.; – December 5, 2024 - Maravai LifeSciences Holdings, Inc. (“Maravai” or the “Company”) (NASDAQ: MRVI), a ",Others
94,0001193125-23-067513,"Kura Oncology, Inc.",2023-03-10,"Regulation FD Disclosure. Kura Oncology, Inc. (“Kura”) is aware of media reports indicating a possible liquidity concern at Silicon Valley Bank (“SVB”). Kura considers its exposure to any liquidity concern at SVB as immaterial. The information in thi",Others
95,0001193125-25-256367,"REVELATION BIOSCIENCES, INC.",2025-10-29,"EX-99.1 2 revb-ex99_1.htm EX-99.1 EX-99.1 Revelation Biosciences Inc. Announces Cancellation of Adjournment of October 29, 2025 Special Meeting of Stockholders and New Record Date San Diego, CA, October 29, 2025 – Revelation Biosciences, Inc. (NASDAQ",Others
96,0001193125-24-011738,"CalciMedica, Inc.",2024-01-22,"Entry into a Material Definitive Agreement. Securities Purchase Agreement On January 19, 2024, CalciMedica, Inc. (the “Company”) and certain accredited investors (each an “Investor” and collectively, the “Investors”) entered into a securities purchas",Others
97,0001193125-20-248122,"GYRE THERAPEUTICS, INC.",2020-09-17,Nasdaq: CBIO CATALYST BIOSCIENCES Corporate Overview 17 September 2020 CatalystBiosciences.com © Catalyst Biosciences Forward looking statements This presentation includes forward-looking statements that involve substantial risks and uncertainties Al,Presentation
98,0001564590-21-037967,"Alphatec Holdings, Inc.",2021-07-26,"ATEC Appoints Beth Altman to Board of Directors CARLSBAD, Calif., July 26, 2021 – Alphatec Holdings, Inc. (Nasdaq: ATEC), a provider of innovative solutions dedicated to revolutionizing the approach to spine surgery, announced today that Beth Altman,",Others
99,0001564590-19-046060,"HERON THERAPEUTICS, INC. /DE/",2019-12-16,"Heron Therapeutics Announces Publication of the Mechanism of Action Data for HTX-011, a D ual-Acting Local Anesthetic Being Developed for Management of Postoperative Pain SAN DIEGO, Calif. -- (PR NEWSWIRE) – December 16, 2019 -- Heron Therapeutics, I",Others
100,0001370053-21-000022,"ANAPTYSBIO, INC",2021-03-08,"Regulation FD. On March 8, 2021, AnaptysBio issued a press release announcing that top-line data from its Phase 2 clinical trial of imsidolimab for the treatment of moderate-to-severe palmoplantar pustulosis (PPP), also known as the POPLAR trial, fai",Clinical
